"FileName","Extension","RelativeDir","FullPath"
"em0002_00_001_Loop.uasset",".uasset",".","E:\zhanggz_combat\Proj_Metahuman\Content\M98\Art\Character\Monster\Dragon\em0002_00_001_Loop.uasset"
"em0002_00_003_Loop.uasset",".uasset",".","E:\zhanggz_combat\Proj_Metahuman\Content\M98\Art\Character\Monster\Dragon\em0002_00_003_Loop.uasset"
"em0002_00_005_Loop.uasset",".uasset",".","E:\zhanggz_combat\Proj_Metahuman\Content\M98\Art\Character\Monster\Dragon\em0002_00_005_Loop.uasset"
"em0002_00_007_Loop.uasset",".uasset",".","E:\zhanggz_combat\Proj_Metahuman\Content\M98\Art\Character\Monster\Dragon\em0002_00_007_Loop.uasset"
"em0002_00_008.uasset",".uasset",".","E:\zhanggz_combat\Proj_Metahuman\Content\M98\Art\Character\Monster\Dragon\em0002_00_008.uasset"
"em0002_00_010.uasset",".uasset",".","E:\zhanggz_combat\Proj_Metahuman\Content\M98\Art\Character\Monster\Dragon\em0002_00_010.uasset"
"em0002_00_011.uasset",".uasset",".","E:\zhanggz_combat\Proj_Metahuman\Content\M98\Art\Character\Monster\Dragon\em0002_00_011.uasset"
"em0002_00_012.uasset",".uasset",".","E:\zhanggz_combat\Proj_Metahuman\Content\M98\Art\Character\Monster\Dragon\em0002_00_012.uasset"
"em0002_00_013.uasset",".uasset",".","E:\zhanggz_combat\Proj_Metahuman\Content\M98\Art\Character\Monster\Dragon\em0002_00_013.uasset"
"em0002_00_014.uasset",".uasset",".","E:\zhanggz_combat\Proj_Metahuman\Content\M98\Art\Character\Monster\Dragon\em0002_00_014.uasset"
"em0002_00_015.uasset",".uasset",".","E:\zhanggz_combat\Proj_Metahuman\Content\M98\Art\Character\Monster\Dragon\em0002_00_015.uasset"
"em0002_00_023_Loop.uasset",".uasset",".","E:\zhanggz_combat\Proj_Metahuman\Content\M98\Art\Character\Monster\Dragon\em0002_00_023_Loop.uasset"
"em0002_00_024.uasset",".uasset",".","E:\zhanggz_combat\Proj_Metahuman\Content\M98\Art\Character\Monster\Dragon\em0002_00_024.uasset"
"em0002_00_026.uasset",".uasset",".","E:\zhanggz_combat\Proj_Metahuman\Content\M98\Art\Character\Monster\Dragon\em0002_00_026.uasset"
"em0002_00_027.uasset",".uasset",".","E:\zhanggz_combat\Proj_Metahuman\Content\M98\Art\Character\Monster\Dragon\em0002_00_027.uasset"
"em0002_00_028.uasset",".uasset",".","E:\zhanggz_combat\Proj_Metahuman\Content\M98\Art\Character\Monster\Dragon\em0002_00_028.uasset"
"em0002_00_029.uasset",".uasset",".","E:\zhanggz_combat\Proj_Metahuman\Content\M98\Art\Character\Monster\Dragon\em0002_00_029.uasset"
"em0002_00_030.uasset",".uasset",".","E:\zhanggz_combat\Proj_Metahuman\Content\M98\Art\Character\Monster\Dragon\em0002_00_030.uasset"
"em0002_00_031.uasset",".uasset",".","E:\zhanggz_combat\Proj_Metahuman\Content\M98\Art\Character\Monster\Dragon\em0002_00_031.uasset"
"em0002_00_039.uasset",".uasset",".","E:\zhanggz_combat\Proj_Metahuman\Content\M98\Art\Character\Monster\Dragon\em0002_00_039.uasset"
"em0002_00_040.uasset",".uasset",".","E:\zhanggz_combat\Proj_Metahuman\Content\M98\Art\Character\Monster\Dragon\em0002_00_040.uasset"
"em0002_00_041.uasset",".uasset",".","E:\zhanggz_combat\Proj_Metahuman\Content\M98\Art\Character\Monster\Dragon\em0002_00_041.uasset"
"em0002_00_042.uasset",".uasset",".","E:\zhanggz_combat\Proj_Metahuman\Content\M98\Art\Character\Monster\Dragon\em0002_00_042.uasset"
"em0002_00_043.uasset",".uasset",".","E:\zhanggz_combat\Proj_Metahuman\Content\M98\Art\Character\Monster\Dragon\em0002_00_043.uasset"
"em0002_00_044.uasset",".uasset",".","E:\zhanggz_combat\Proj_Metahuman\Content\M98\Art\Character\Monster\Dragon\em0002_00_044.uasset"
"em0002_00_052.uasset",".uasset",".","E:\zhanggz_combat\Proj_Metahuman\Content\M98\Art\Character\Monster\Dragon\em0002_00_052.uasset"
"em0002_00_053.uasset",".uasset",".","E:\zhanggz_combat\Proj_Metahuman\Content\M98\Art\Character\Monster\Dragon\em0002_00_053.uasset"
"em0002_00_054.uasset",".uasset",".","E:\zhanggz_combat\Proj_Metahuman\Content\M98\Art\Character\Monster\Dragon\em0002_00_054.uasset"
"em0002_00_055.uasset",".uasset",".","E:\zhanggz_combat\Proj_Metahuman\Content\M98\Art\Character\Monster\Dragon\em0002_00_055.uasset"
"em0002_00_056.uasset",".uasset",".","E:\zhanggz_combat\Proj_Metahuman\Content\M98\Art\Character\Monster\Dragon\em0002_00_056.uasset"
"em0002_00_057.uasset",".uasset",".","E:\zhanggz_combat\Proj_Metahuman\Content\M98\Art\Character\Monster\Dragon\em0002_00_057.uasset"
"em0002_00_065_Loop.uasset",".uasset",".","E:\zhanggz_combat\Proj_Metahuman\Content\M98\Art\Character\Monster\Dragon\em0002_00_065_Loop.uasset"
"em0002_00_081.uasset",".uasset",".","E:\zhanggz_combat\Proj_Metahuman\Content\M98\Art\Character\Monster\Dragon\em0002_00_081.uasset"
"em0002_00_082.uasset",".uasset",".","E:\zhanggz_combat\Proj_Metahuman\Content\M98\Art\Character\Monster\Dragon\em0002_00_082.uasset"
"em0002_00_083.uasset",".uasset",".","E:\zhanggz_combat\Proj_Metahuman\Content\M98\Art\Character\Monster\Dragon\em0002_00_083.uasset"
"em0002_00_089.uasset",".uasset",".","E:\zhanggz_combat\Proj_Metahuman\Content\M98\Art\Character\Monster\Dragon\em0002_00_089.uasset"
"em0002_00_093_Loop.uasset",".uasset",".","E:\zhanggz_combat\Proj_Metahuman\Content\M98\Art\Character\Monster\Dragon\em0002_00_093_Loop.uasset"
"em0002_00_100.uasset",".uasset",".","E:\zhanggz_combat\Proj_Metahuman\Content\M98\Art\Character\Monster\Dragon\em0002_00_100.uasset"
"em0002_00_101.uasset",".uasset",".","E:\zhanggz_combat\Proj_Metahuman\Content\M98\Art\Character\Monster\Dragon\em0002_00_101.uasset"
"em0002_00_102.uasset",".uasset",".","E:\zhanggz_combat\Proj_Metahuman\Content\M98\Art\Character\Monster\Dragon\em0002_00_102.uasset"
"em0002_00_103.uasset",".uasset",".","E:\zhanggz_combat\Proj_Metahuman\Content\M98\Art\Character\Monster\Dragon\em0002_00_103.uasset"
"em0002_00_104.uasset",".uasset",".","E:\zhanggz_combat\Proj_Metahuman\Content\M98\Art\Character\Monster\Dragon\em0002_00_104.uasset"
"em0002_00_105.uasset",".uasset",".","E:\zhanggz_combat\Proj_Metahuman\Content\M98\Art\Character\Monster\Dragon\em0002_00_105.uasset"
"em0002_00_112_Loop.uasset",".uasset",".","E:\zhanggz_combat\Proj_Metahuman\Content\M98\Art\Character\Monster\Dragon\em0002_00_112_Loop.uasset"
"em0002_00_113.uasset",".uasset",".","E:\zhanggz_combat\Proj_Metahuman\Content\M98\Art\Character\Monster\Dragon\em0002_00_113.uasset"
"em0002_00_121.uasset",".uasset",".","E:\zhanggz_combat\Proj_Metahuman\Content\M98\Art\Character\Monster\Dragon\em0002_00_121.uasset"
"em0002_00_122.uasset",".uasset",".","E:\zhanggz_combat\Proj_Metahuman\Content\M98\Art\Character\Monster\Dragon\em0002_00_122.uasset"
"em0002_00_123.uasset",".uasset",".","E:\zhanggz_combat\Proj_Metahuman\Content\M98\Art\Character\Monster\Dragon\em0002_00_123.uasset"
"em0002_00_124.uasset",".uasset",".","E:\zhanggz_combat\Proj_Metahuman\Content\M98\Art\Character\Monster\Dragon\em0002_00_124.uasset"
"em0002_00_125.uasset",".uasset",".","E:\zhanggz_combat\Proj_Metahuman\Content\M98\Art\Character\Monster\Dragon\em0002_00_125.uasset"
"em0002_00_126.uasset",".uasset",".","E:\zhanggz_combat\Proj_Metahuman\Content\M98\Art\Character\Monster\Dragon\em0002_00_126.uasset"
"em0002_00_133_Loop.uasset",".uasset",".","E:\zhanggz_combat\Proj_Metahuman\Content\M98\Art\Character\Monster\Dragon\em0002_00_133_Loop.uasset"
"em0002_00_134.uasset",".uasset",".","E:\zhanggz_combat\Proj_Metahuman\Content\M98\Art\Character\Monster\Dragon\em0002_00_134.uasset"
"em0002_00_150.uasset",".uasset",".","E:\zhanggz_combat\Proj_Metahuman\Content\M98\Art\Character\Monster\Dragon\em0002_00_150.uasset"
"em0002_00_151.uasset",".uasset",".","E:\zhanggz_combat\Proj_Metahuman\Content\M98\Art\Character\Monster\Dragon\em0002_00_151.uasset"
"em0002_00_156_Loop.uasset",".uasset",".","E:\zhanggz_combat\Proj_Metahuman\Content\M98\Art\Character\Monster\Dragon\em0002_00_156_Loop.uasset"
"em0002_00_160.uasset",".uasset",".","E:\zhanggz_combat\Proj_Metahuman\Content\M98\Art\Character\Monster\Dragon\em0002_00_160.uasset"
"em0002_00_162.uasset",".uasset",".","E:\zhanggz_combat\Proj_Metahuman\Content\M98\Art\Character\Monster\Dragon\em0002_00_162.uasset"
"em0002_00_163.uasset",".uasset",".","E:\zhanggz_combat\Proj_Metahuman\Content\M98\Art\Character\Monster\Dragon\em0002_00_163.uasset"
"em0002_00_165.uasset",".uasset",".","E:\zhanggz_combat\Proj_Metahuman\Content\M98\Art\Character\Monster\Dragon\em0002_00_165.uasset"
"em0002_00_165_001.uasset",".uasset",".","E:\zhanggz_combat\Proj_Metahuman\Content\M98\Art\Character\Monster\Dragon\em0002_00_165_001.uasset"
"em0002_00_170.uasset",".uasset",".","E:\zhanggz_combat\Proj_Metahuman\Content\M98\Art\Character\Monster\Dragon\em0002_00_170.uasset"
"em0002_00_171.uasset",".uasset",".","E:\zhanggz_combat\Proj_Metahuman\Content\M98\Art\Character\Monster\Dragon\em0002_00_171.uasset"
"em0002_01_001_Loop.uasset",".uasset",".","E:\zhanggz_combat\Proj_Metahuman\Content\M98\Art\Character\Monster\Dragon\em0002_01_001_Loop.uasset"
"em0002_01_006.uasset",".uasset",".","E:\zhanggz_combat\Proj_Metahuman\Content\M98\Art\Character\Monster\Dragon\em0002_01_006.uasset"
"em0002_01_007.uasset",".uasset",".","E:\zhanggz_combat\Proj_Metahuman\Content\M98\Art\Character\Monster\Dragon\em0002_01_007.uasset"
"em0002_01_011.uasset",".uasset",".","E:\zhanggz_combat\Proj_Metahuman\Content\M98\Art\Character\Monster\Dragon\em0002_01_011.uasset"
"em0002_01_023.uasset",".uasset",".","E:\zhanggz_combat\Proj_Metahuman\Content\M98\Art\Character\Monster\Dragon\em0002_01_023.uasset"
"em0002_01_026.uasset",".uasset",".","E:\zhanggz_combat\Proj_Metahuman\Content\M98\Art\Character\Monster\Dragon\em0002_01_026.uasset"
"em0002_01_028.uasset",".uasset",".","E:\zhanggz_combat\Proj_Metahuman\Content\M98\Art\Character\Monster\Dragon\em0002_01_028.uasset"
"em0002_01_030.uasset",".uasset",".","E:\zhanggz_combat\Proj_Metahuman\Content\M98\Art\Character\Monster\Dragon\em0002_01_030.uasset"
"em0002_01_032.uasset",".uasset",".","E:\zhanggz_combat\Proj_Metahuman\Content\M98\Art\Character\Monster\Dragon\em0002_01_032.uasset"
"em0002_01_033.uasset",".uasset",".","E:\zhanggz_combat\Proj_Metahuman\Content\M98\Art\Character\Monster\Dragon\em0002_01_033.uasset"
"em0002_01_034.uasset",".uasset",".","E:\zhanggz_combat\Proj_Metahuman\Content\M98\Art\Character\Monster\Dragon\em0002_01_034.uasset"
"em0002_01_035.uasset",".uasset",".","E:\zhanggz_combat\Proj_Metahuman\Content\M98\Art\Character\Monster\Dragon\em0002_01_035.uasset"
"em0002_01_036.uasset",".uasset",".","E:\zhanggz_combat\Proj_Metahuman\Content\M98\Art\Character\Monster\Dragon\em0002_01_036.uasset"
"em0002_01_037.uasset",".uasset",".","E:\zhanggz_combat\Proj_Metahuman\Content\M98\Art\Character\Monster\Dragon\em0002_01_037.uasset"
"em0002_01_053.uasset",".uasset",".","E:\zhanggz_combat\Proj_Metahuman\Content\M98\Art\Character\Monster\Dragon\em0002_01_053.uasset"
"em0002_01_054.uasset",".uasset",".","E:\zhanggz_combat\Proj_Metahuman\Content\M98\Art\Character\Monster\Dragon\em0002_01_054.uasset"
"em0002_01_061.uasset",".uasset",".","E:\zhanggz_combat\Proj_Metahuman\Content\M98\Art\Character\Monster\Dragon\em0002_01_061.uasset"
"em0002_01_062.uasset",".uasset",".","E:\zhanggz_combat\Proj_Metahuman\Content\M98\Art\Character\Monster\Dragon\em0002_01_062.uasset"
"em0002_01_063.uasset",".uasset",".","E:\zhanggz_combat\Proj_Metahuman\Content\M98\Art\Character\Monster\Dragon\em0002_01_063.uasset"
"em0002_01_064.uasset",".uasset",".","E:\zhanggz_combat\Proj_Metahuman\Content\M98\Art\Character\Monster\Dragon\em0002_01_064.uasset"
"em0002_01_066_Loop.uasset",".uasset",".","E:\zhanggz_combat\Proj_Metahuman\Content\M98\Art\Character\Monster\Dragon\em0002_01_066_Loop.uasset"
"em0002_01_070.uasset",".uasset",".","E:\zhanggz_combat\Proj_Metahuman\Content\M98\Art\Character\Monster\Dragon\em0002_01_070.uasset"
"em0002_01_072.uasset",".uasset",".","E:\zhanggz_combat\Proj_Metahuman\Content\M98\Art\Character\Monster\Dragon\em0002_01_072.uasset"
"em0002_01_073.uasset",".uasset",".","E:\zhanggz_combat\Proj_Metahuman\Content\M98\Art\Character\Monster\Dragon\em0002_01_073.uasset"
"em0002_01_074_Loop.uasset",".uasset",".","E:\zhanggz_combat\Proj_Metahuman\Content\M98\Art\Character\Monster\Dragon\em0002_01_074_Loop.uasset"
"em0002_01_075.uasset",".uasset",".","E:\zhanggz_combat\Proj_Metahuman\Content\M98\Art\Character\Monster\Dragon\em0002_01_075.uasset"
"em0002_01_078.uasset",".uasset",".","E:\zhanggz_combat\Proj_Metahuman\Content\M98\Art\Character\Monster\Dragon\em0002_01_078.uasset"
"em0002_01_079.uasset",".uasset",".","E:\zhanggz_combat\Proj_Metahuman\Content\M98\Art\Character\Monster\Dragon\em0002_01_079.uasset"
"em0002_01_081.uasset",".uasset",".","E:\zhanggz_combat\Proj_Metahuman\Content\M98\Art\Character\Monster\Dragon\em0002_01_081.uasset"
"em0002_01_084.uasset",".uasset",".","E:\zhanggz_combat\Proj_Metahuman\Content\M98\Art\Character\Monster\Dragon\em0002_01_084.uasset"
"em0002_01_086_Loop.uasset",".uasset",".","E:\zhanggz_combat\Proj_Metahuman\Content\M98\Art\Character\Monster\Dragon\em0002_01_086_Loop.uasset"
"em0002_01_087.uasset",".uasset",".","E:\zhanggz_combat\Proj_Metahuman\Content\M98\Art\Character\Monster\Dragon\em0002_01_087.uasset"
"em0002_01_089.uasset",".uasset",".","E:\zhanggz_combat\Proj_Metahuman\Content\M98\Art\Character\Monster\Dragon\em0002_01_089.uasset"
"em0002_01_104_Loop.uasset",".uasset",".","E:\zhanggz_combat\Proj_Metahuman\Content\M98\Art\Character\Monster\Dragon\em0002_01_104_Loop.uasset"
"em0002_01_105.uasset",".uasset",".","E:\zhanggz_combat\Proj_Metahuman\Content\M98\Art\Character\Monster\Dragon\em0002_01_105.uasset"
"em0002_01_106.uasset",".uasset",".","E:\zhanggz_combat\Proj_Metahuman\Content\M98\Art\Character\Monster\Dragon\em0002_01_106.uasset"
"em0002_01_107_Loop.uasset",".uasset",".","E:\zhanggz_combat\Proj_Metahuman\Content\M98\Art\Character\Monster\Dragon\em0002_01_107_Loop.uasset"
"em0002_01_108_Loop.uasset",".uasset",".","E:\zhanggz_combat\Proj_Metahuman\Content\M98\Art\Character\Monster\Dragon\em0002_01_108_Loop.uasset"
"em0002_01_112.uasset",".uasset",".","E:\zhanggz_combat\Proj_Metahuman\Content\M98\Art\Character\Monster\Dragon\em0002_01_112.uasset"
"em0002_01_113.uasset",".uasset",".","E:\zhanggz_combat\Proj_Metahuman\Content\M98\Art\Character\Monster\Dragon\em0002_01_113.uasset"
"em0002_01_114.uasset",".uasset",".","E:\zhanggz_combat\Proj_Metahuman\Content\M98\Art\Character\Monster\Dragon\em0002_01_114.uasset"
"em0002_01_115.uasset",".uasset",".","E:\zhanggz_combat\Proj_Metahuman\Content\M98\Art\Character\Monster\Dragon\em0002_01_115.uasset"
"em0002_01_116.uasset",".uasset",".","E:\zhanggz_combat\Proj_Metahuman\Content\M98\Art\Character\Monster\Dragon\em0002_01_116.uasset"
"em0002_01_117.uasset",".uasset",".","E:\zhanggz_combat\Proj_Metahuman\Content\M98\Art\Character\Monster\Dragon\em0002_01_117.uasset"
"em0002_01_124.uasset",".uasset",".","E:\zhanggz_combat\Proj_Metahuman\Content\M98\Art\Character\Monster\Dragon\em0002_01_124.uasset"
"em0002_01_125.uasset",".uasset",".","E:\zhanggz_combat\Proj_Metahuman\Content\M98\Art\Character\Monster\Dragon\em0002_01_125.uasset"
"em0002_01_131.uasset",".uasset",".","E:\zhanggz_combat\Proj_Metahuman\Content\M98\Art\Character\Monster\Dragon\em0002_01_131.uasset"
"em0002_01_132.uasset",".uasset",".","E:\zhanggz_combat\Proj_Metahuman\Content\M98\Art\Character\Monster\Dragon\em0002_01_132.uasset"
"em0002_01_133.uasset",".uasset",".","E:\zhanggz_combat\Proj_Metahuman\Content\M98\Art\Character\Monster\Dragon\em0002_01_133.uasset"
"em0002_01_134.uasset",".uasset",".","E:\zhanggz_combat\Proj_Metahuman\Content\M98\Art\Character\Monster\Dragon\em0002_01_134.uasset"
"em0002_01_135.uasset",".uasset",".","E:\zhanggz_combat\Proj_Metahuman\Content\M98\Art\Character\Monster\Dragon\em0002_01_135.uasset"
"em0002_01_141.uasset",".uasset",".","E:\zhanggz_combat\Proj_Metahuman\Content\M98\Art\Character\Monster\Dragon\em0002_01_141.uasset"
"em0002_01_142.uasset",".uasset",".","E:\zhanggz_combat\Proj_Metahuman\Content\M98\Art\Character\Monster\Dragon\em0002_01_142.uasset"
"em0002_01_143.uasset",".uasset",".","E:\zhanggz_combat\Proj_Metahuman\Content\M98\Art\Character\Monster\Dragon\em0002_01_143.uasset"
"em0002_01_144.uasset",".uasset",".","E:\zhanggz_combat\Proj_Metahuman\Content\M98\Art\Character\Monster\Dragon\em0002_01_144.uasset"
"em0002_01_145.uasset",".uasset",".","E:\zhanggz_combat\Proj_Metahuman\Content\M98\Art\Character\Monster\Dragon\em0002_01_145.uasset"
"em0002_01_155.uasset",".uasset",".","E:\zhanggz_combat\Proj_Metahuman\Content\M98\Art\Character\Monster\Dragon\em0002_01_155.uasset"
"em0002_01_156.uasset",".uasset",".","E:\zhanggz_combat\Proj_Metahuman\Content\M98\Art\Character\Monster\Dragon\em0002_01_156.uasset"
"em0002_01_157.uasset",".uasset",".","E:\zhanggz_combat\Proj_Metahuman\Content\M98\Art\Character\Monster\Dragon\em0002_01_157.uasset"
"em0002_01_158.uasset",".uasset",".","E:\zhanggz_combat\Proj_Metahuman\Content\M98\Art\Character\Monster\Dragon\em0002_01_158.uasset"
"em0002_01_159.uasset",".uasset",".","E:\zhanggz_combat\Proj_Metahuman\Content\M98\Art\Character\Monster\Dragon\em0002_01_159.uasset"
"em0002_01_160.uasset",".uasset",".","E:\zhanggz_combat\Proj_Metahuman\Content\M98\Art\Character\Monster\Dragon\em0002_01_160.uasset"
"em0002_01_165.uasset",".uasset",".","E:\zhanggz_combat\Proj_Metahuman\Content\M98\Art\Character\Monster\Dragon\em0002_01_165.uasset"
"em0002_01_166.uasset",".uasset",".","E:\zhanggz_combat\Proj_Metahuman\Content\M98\Art\Character\Monster\Dragon\em0002_01_166.uasset"
"em0002_01_167.uasset",".uasset",".","E:\zhanggz_combat\Proj_Metahuman\Content\M98\Art\Character\Monster\Dragon\em0002_01_167.uasset"
"em0002_01_169.uasset",".uasset",".","E:\zhanggz_combat\Proj_Metahuman\Content\M98\Art\Character\Monster\Dragon\em0002_01_169.uasset"
"em0002_01_171.uasset",".uasset",".","E:\zhanggz_combat\Proj_Metahuman\Content\M98\Art\Character\Monster\Dragon\em0002_01_171.uasset"
"em0002_01_173.uasset",".uasset",".","E:\zhanggz_combat\Proj_Metahuman\Content\M98\Art\Character\Monster\Dragon\em0002_01_173.uasset"
"em0002_01_175.uasset",".uasset",".","E:\zhanggz_combat\Proj_Metahuman\Content\M98\Art\Character\Monster\Dragon\em0002_01_175.uasset"
"em0002_01_176.uasset",".uasset",".","E:\zhanggz_combat\Proj_Metahuman\Content\M98\Art\Character\Monster\Dragon\em0002_01_176.uasset"
"em0002_01_177.uasset",".uasset",".","E:\zhanggz_combat\Proj_Metahuman\Content\M98\Art\Character\Monster\Dragon\em0002_01_177.uasset"
"em0002_01_178.uasset",".uasset",".","E:\zhanggz_combat\Proj_Metahuman\Content\M98\Art\Character\Monster\Dragon\em0002_01_178.uasset"
"em0002_01_179.uasset",".uasset",".","E:\zhanggz_combat\Proj_Metahuman\Content\M98\Art\Character\Monster\Dragon\em0002_01_179.uasset"
"em0002_01_180.uasset",".uasset",".","E:\zhanggz_combat\Proj_Metahuman\Content\M98\Art\Character\Monster\Dragon\em0002_01_180.uasset"
"em0002_02_001.uasset",".uasset",".","E:\zhanggz_combat\Proj_Metahuman\Content\M98\Art\Character\Monster\Dragon\em0002_02_001.uasset"
"em0002_02_002.uasset",".uasset",".","E:\zhanggz_combat\Proj_Metahuman\Content\M98\Art\Character\Monster\Dragon\em0002_02_002.uasset"
"em0002_02_003.uasset",".uasset",".","E:\zhanggz_combat\Proj_Metahuman\Content\M98\Art\Character\Monster\Dragon\em0002_02_003.uasset"
"em0002_02_004.uasset",".uasset",".","E:\zhanggz_combat\Proj_Metahuman\Content\M98\Art\Character\Monster\Dragon\em0002_02_004.uasset"
"em0002_02_006.uasset",".uasset",".","E:\zhanggz_combat\Proj_Metahuman\Content\M98\Art\Character\Monster\Dragon\em0002_02_006.uasset"
"em0002_02_007.uasset",".uasset",".","E:\zhanggz_combat\Proj_Metahuman\Content\M98\Art\Character\Monster\Dragon\em0002_02_007.uasset"
"em0002_02_008.uasset",".uasset",".","E:\zhanggz_combat\Proj_Metahuman\Content\M98\Art\Character\Monster\Dragon\em0002_02_008.uasset"
"em0002_02_026.uasset",".uasset",".","E:\zhanggz_combat\Proj_Metahuman\Content\M98\Art\Character\Monster\Dragon\em0002_02_026.uasset"
"em0002_02_027_Loop.uasset",".uasset",".","E:\zhanggz_combat\Proj_Metahuman\Content\M98\Art\Character\Monster\Dragon\em0002_02_027_Loop.uasset"
"em0002_02_028.uasset",".uasset",".","E:\zhanggz_combat\Proj_Metahuman\Content\M98\Art\Character\Monster\Dragon\em0002_02_028.uasset"
"em0002_02_033.uasset",".uasset",".","E:\zhanggz_combat\Proj_Metahuman\Content\M98\Art\Character\Monster\Dragon\em0002_02_033.uasset"
"em0002_02_034.uasset",".uasset",".","E:\zhanggz_combat\Proj_Metahuman\Content\M98\Art\Character\Monster\Dragon\em0002_02_034.uasset"
"em0002_02_035.uasset",".uasset",".","E:\zhanggz_combat\Proj_Metahuman\Content\M98\Art\Character\Monster\Dragon\em0002_02_035.uasset"
"em0002_02_036.uasset",".uasset",".","E:\zhanggz_combat\Proj_Metahuman\Content\M98\Art\Character\Monster\Dragon\em0002_02_036.uasset"
"em0002_02_037.uasset",".uasset",".","E:\zhanggz_combat\Proj_Metahuman\Content\M98\Art\Character\Monster\Dragon\em0002_02_037.uasset"
"em0002_02_038.uasset",".uasset",".","E:\zhanggz_combat\Proj_Metahuman\Content\M98\Art\Character\Monster\Dragon\em0002_02_038.uasset"
"em0002_02_039.uasset",".uasset",".","E:\zhanggz_combat\Proj_Metahuman\Content\M98\Art\Character\Monster\Dragon\em0002_02_039.uasset"
"em0002_02_051.uasset",".uasset",".","E:\zhanggz_combat\Proj_Metahuman\Content\M98\Art\Character\Monster\Dragon\em0002_02_051.uasset"
"em0002_02_053.uasset",".uasset",".","E:\zhanggz_combat\Proj_Metahuman\Content\M98\Art\Character\Monster\Dragon\em0002_02_053.uasset"
"em0002_02_061.uasset",".uasset",".","E:\zhanggz_combat\Proj_Metahuman\Content\M98\Art\Character\Monster\Dragon\em0002_02_061.uasset"
"em0002_02_062.uasset",".uasset",".","E:\zhanggz_combat\Proj_Metahuman\Content\M98\Art\Character\Monster\Dragon\em0002_02_062.uasset"
"em0002_02_063.uasset",".uasset",".","E:\zhanggz_combat\Proj_Metahuman\Content\M98\Art\Character\Monster\Dragon\em0002_02_063.uasset"
"em0002_02_064.uasset",".uasset",".","E:\zhanggz_combat\Proj_Metahuman\Content\M98\Art\Character\Monster\Dragon\em0002_02_064.uasset"
"em0002_02_065.uasset",".uasset",".","E:\zhanggz_combat\Proj_Metahuman\Content\M98\Art\Character\Monster\Dragon\em0002_02_065.uasset"
"em0002_02_066.uasset",".uasset",".","E:\zhanggz_combat\Proj_Metahuman\Content\M98\Art\Character\Monster\Dragon\em0002_02_066.uasset"
"em0002_02_067.uasset",".uasset",".","E:\zhanggz_combat\Proj_Metahuman\Content\M98\Art\Character\Monster\Dragon\em0002_02_067.uasset"
"em0002_02_076.uasset",".uasset",".","E:\zhanggz_combat\Proj_Metahuman\Content\M98\Art\Character\Monster\Dragon\em0002_02_076.uasset"
"em0002_02_077.uasset",".uasset",".","E:\zhanggz_combat\Proj_Metahuman\Content\M98\Art\Character\Monster\Dragon\em0002_02_077.uasset"
"em0002_02_078.uasset",".uasset",".","E:\zhanggz_combat\Proj_Metahuman\Content\M98\Art\Character\Monster\Dragon\em0002_02_078.uasset"
"em0002_02_079.uasset",".uasset",".","E:\zhanggz_combat\Proj_Metahuman\Content\M98\Art\Character\Monster\Dragon\em0002_02_079.uasset"
"em0002_02_080.uasset",".uasset",".","E:\zhanggz_combat\Proj_Metahuman\Content\M98\Art\Character\Monster\Dragon\em0002_02_080.uasset"
"em0002_02_082.uasset",".uasset",".","E:\zhanggz_combat\Proj_Metahuman\Content\M98\Art\Character\Monster\Dragon\em0002_02_082.uasset"
"em0002_02_083.uasset",".uasset",".","E:\zhanggz_combat\Proj_Metahuman\Content\M98\Art\Character\Monster\Dragon\em0002_02_083.uasset"
"em0002_02_086.uasset",".uasset",".","E:\zhanggz_combat\Proj_Metahuman\Content\M98\Art\Character\Monster\Dragon\em0002_02_086.uasset"
"em0002_02_087.uasset",".uasset",".","E:\zhanggz_combat\Proj_Metahuman\Content\M98\Art\Character\Monster\Dragon\em0002_02_087.uasset"
"em0002_02_096.uasset",".uasset",".","E:\zhanggz_combat\Proj_Metahuman\Content\M98\Art\Character\Monster\Dragon\em0002_02_096.uasset"
"em0002_02_097.uasset",".uasset",".","E:\zhanggz_combat\Proj_Metahuman\Content\M98\Art\Character\Monster\Dragon\em0002_02_097.uasset"
"em0002_02_098.uasset",".uasset",".","E:\zhanggz_combat\Proj_Metahuman\Content\M98\Art\Character\Monster\Dragon\em0002_02_098.uasset"
"em0002_02_100.uasset",".uasset",".","E:\zhanggz_combat\Proj_Metahuman\Content\M98\Art\Character\Monster\Dragon\em0002_02_100.uasset"
"em0002_02_101.uasset",".uasset",".","E:\zhanggz_combat\Proj_Metahuman\Content\M98\Art\Character\Monster\Dragon\em0002_02_101.uasset"
"em0002_02_102.uasset",".uasset",".","E:\zhanggz_combat\Proj_Metahuman\Content\M98\Art\Character\Monster\Dragon\em0002_02_102.uasset"
"em0002_02_103.uasset",".uasset",".","E:\zhanggz_combat\Proj_Metahuman\Content\M98\Art\Character\Monster\Dragon\em0002_02_103.uasset"
"em0002_02_104.uasset",".uasset",".","E:\zhanggz_combat\Proj_Metahuman\Content\M98\Art\Character\Monster\Dragon\em0002_02_104.uasset"
"em0002_02_105.uasset",".uasset",".","E:\zhanggz_combat\Proj_Metahuman\Content\M98\Art\Character\Monster\Dragon\em0002_02_105.uasset"
"em0002_02_107.uasset",".uasset",".","E:\zhanggz_combat\Proj_Metahuman\Content\M98\Art\Character\Monster\Dragon\em0002_02_107.uasset"
"em0002_02_108.uasset",".uasset",".","E:\zhanggz_combat\Proj_Metahuman\Content\M98\Art\Character\Monster\Dragon\em0002_02_108.uasset"
"em0002_02_109.uasset",".uasset",".","E:\zhanggz_combat\Proj_Metahuman\Content\M98\Art\Character\Monster\Dragon\em0002_02_109.uasset"
"em0002_02_110.uasset",".uasset",".","E:\zhanggz_combat\Proj_Metahuman\Content\M98\Art\Character\Monster\Dragon\em0002_02_110.uasset"
"em0002_02_111.uasset",".uasset",".","E:\zhanggz_combat\Proj_Metahuman\Content\M98\Art\Character\Monster\Dragon\em0002_02_111.uasset"
"em0002_02_112.uasset",".uasset",".","E:\zhanggz_combat\Proj_Metahuman\Content\M98\Art\Character\Monster\Dragon\em0002_02_112.uasset"
"em0002_02_113.uasset",".uasset",".","E:\zhanggz_combat\Proj_Metahuman\Content\M98\Art\Character\Monster\Dragon\em0002_02_113.uasset"
"em0002_02_121.uasset",".uasset",".","E:\zhanggz_combat\Proj_Metahuman\Content\M98\Art\Character\Monster\Dragon\em0002_02_121.uasset"
"em0002_02_122.uasset",".uasset",".","E:\zhanggz_combat\Proj_Metahuman\Content\M98\Art\Character\Monster\Dragon\em0002_02_122.uasset"
"em0002_02_123.uasset",".uasset",".","E:\zhanggz_combat\Proj_Metahuman\Content\M98\Art\Character\Monster\Dragon\em0002_02_123.uasset"
"em0002_02_124.uasset",".uasset",".","E:\zhanggz_combat\Proj_Metahuman\Content\M98\Art\Character\Monster\Dragon\em0002_02_124.uasset"
"em0002_02_125.uasset",".uasset",".","E:\zhanggz_combat\Proj_Metahuman\Content\M98\Art\Character\Monster\Dragon\em0002_02_125.uasset"
"em0002_02_126.uasset",".uasset",".","E:\zhanggz_combat\Proj_Metahuman\Content\M98\Art\Character\Monster\Dragon\em0002_02_126.uasset"
"em0002_02_131.uasset",".uasset",".","E:\zhanggz_combat\Proj_Metahuman\Content\M98\Art\Character\Monster\Dragon\em0002_02_131.uasset"
"em0002_02_132.uasset",".uasset",".","E:\zhanggz_combat\Proj_Metahuman\Content\M98\Art\Character\Monster\Dragon\em0002_02_132.uasset"
"em0002_02_133.uasset",".uasset",".","E:\zhanggz_combat\Proj_Metahuman\Content\M98\Art\Character\Monster\Dragon\em0002_02_133.uasset"
"em0002_02_134.uasset",".uasset",".","E:\zhanggz_combat\Proj_Metahuman\Content\M98\Art\Character\Monster\Dragon\em0002_02_134.uasset"
"em0002_02_135.uasset",".uasset",".","E:\zhanggz_combat\Proj_Metahuman\Content\M98\Art\Character\Monster\Dragon\em0002_02_135.uasset"
"em0002_02_136.uasset",".uasset",".","E:\zhanggz_combat\Proj_Metahuman\Content\M98\Art\Character\Monster\Dragon\em0002_02_136.uasset"
"em0002_02_139.uasset",".uasset",".","E:\zhanggz_combat\Proj_Metahuman\Content\M98\Art\Character\Monster\Dragon\em0002_02_139.uasset"
"em0002_02_141.uasset",".uasset",".","E:\zhanggz_combat\Proj_Metahuman\Content\M98\Art\Character\Monster\Dragon\em0002_02_141.uasset"
"em0002_02_142.uasset",".uasset",".","E:\zhanggz_combat\Proj_Metahuman\Content\M98\Art\Character\Monster\Dragon\em0002_02_142.uasset"
"em0002_02_143.uasset",".uasset",".","E:\zhanggz_combat\Proj_Metahuman\Content\M98\Art\Character\Monster\Dragon\em0002_02_143.uasset"
"em0002_02_144.uasset",".uasset",".","E:\zhanggz_combat\Proj_Metahuman\Content\M98\Art\Character\Monster\Dragon\em0002_02_144.uasset"
"em0002_02_145.uasset",".uasset",".","E:\zhanggz_combat\Proj_Metahuman\Content\M98\Art\Character\Monster\Dragon\em0002_02_145.uasset"
"em0002_02_146.uasset",".uasset",".","E:\zhanggz_combat\Proj_Metahuman\Content\M98\Art\Character\Monster\Dragon\em0002_02_146.uasset"
"em0002_02_151.uasset",".uasset",".","E:\zhanggz_combat\Proj_Metahuman\Content\M98\Art\Character\Monster\Dragon\em0002_02_151.uasset"
"em0002_02_152.uasset",".uasset",".","E:\zhanggz_combat\Proj_Metahuman\Content\M98\Art\Character\Monster\Dragon\em0002_02_152.uasset"
"em0002_02_153.uasset",".uasset",".","E:\zhanggz_combat\Proj_Metahuman\Content\M98\Art\Character\Monster\Dragon\em0002_02_153.uasset"
"em0002_02_154.uasset",".uasset",".","E:\zhanggz_combat\Proj_Metahuman\Content\M98\Art\Character\Monster\Dragon\em0002_02_154.uasset"
"em0002_02_155.uasset",".uasset",".","E:\zhanggz_combat\Proj_Metahuman\Content\M98\Art\Character\Monster\Dragon\em0002_02_155.uasset"
"em0002_02_156.uasset",".uasset",".","E:\zhanggz_combat\Proj_Metahuman\Content\M98\Art\Character\Monster\Dragon\em0002_02_156.uasset"
"em0002_02_157.uasset",".uasset",".","E:\zhanggz_combat\Proj_Metahuman\Content\M98\Art\Character\Monster\Dragon\em0002_02_157.uasset"
"em0002_02_161.uasset",".uasset",".","E:\zhanggz_combat\Proj_Metahuman\Content\M98\Art\Character\Monster\Dragon\em0002_02_161.uasset"
"em0002_02_162.uasset",".uasset",".","E:\zhanggz_combat\Proj_Metahuman\Content\M98\Art\Character\Monster\Dragon\em0002_02_162.uasset"
"em0002_02_163.uasset",".uasset",".","E:\zhanggz_combat\Proj_Metahuman\Content\M98\Art\Character\Monster\Dragon\em0002_02_163.uasset"
"em0002_02_164.uasset",".uasset",".","E:\zhanggz_combat\Proj_Metahuman\Content\M98\Art\Character\Monster\Dragon\em0002_02_164.uasset"
"em0002_02_165.uasset",".uasset",".","E:\zhanggz_combat\Proj_Metahuman\Content\M98\Art\Character\Monster\Dragon\em0002_02_165.uasset"
"em0002_02_166.uasset",".uasset",".","E:\zhanggz_combat\Proj_Metahuman\Content\M98\Art\Character\Monster\Dragon\em0002_02_166.uasset"
"em0002_02_167_Loop.uasset",".uasset",".","E:\zhanggz_combat\Proj_Metahuman\Content\M98\Art\Character\Monster\Dragon\em0002_02_167_Loop.uasset"
"em0002_02_168.uasset",".uasset",".","E:\zhanggz_combat\Proj_Metahuman\Content\M98\Art\Character\Monster\Dragon\em0002_02_168.uasset"
"em0002_02_169.uasset",".uasset",".","E:\zhanggz_combat\Proj_Metahuman\Content\M98\Art\Character\Monster\Dragon\em0002_02_169.uasset"
"em0002_02_171.uasset",".uasset",".","E:\zhanggz_combat\Proj_Metahuman\Content\M98\Art\Character\Monster\Dragon\em0002_02_171.uasset"
"em0002_02_172.uasset",".uasset",".","E:\zhanggz_combat\Proj_Metahuman\Content\M98\Art\Character\Monster\Dragon\em0002_02_172.uasset"
"em0002_02_173.uasset",".uasset",".","E:\zhanggz_combat\Proj_Metahuman\Content\M98\Art\Character\Monster\Dragon\em0002_02_173.uasset"
"em0002_02_174.uasset",".uasset",".","E:\zhanggz_combat\Proj_Metahuman\Content\M98\Art\Character\Monster\Dragon\em0002_02_174.uasset"
"em0002_02_175.uasset",".uasset",".","E:\zhanggz_combat\Proj_Metahuman\Content\M98\Art\Character\Monster\Dragon\em0002_02_175.uasset"
"em0002_02_176.uasset",".uasset",".","E:\zhanggz_combat\Proj_Metahuman\Content\M98\Art\Character\Monster\Dragon\em0002_02_176.uasset"
"em0002_02_181.uasset",".uasset",".","E:\zhanggz_combat\Proj_Metahuman\Content\M98\Art\Character\Monster\Dragon\em0002_02_181.uasset"
"em0002_02_185.uasset",".uasset",".","E:\zhanggz_combat\Proj_Metahuman\Content\M98\Art\Character\Monster\Dragon\em0002_02_185.uasset"
"em0002_02_186_Loop.uasset",".uasset",".","E:\zhanggz_combat\Proj_Metahuman\Content\M98\Art\Character\Monster\Dragon\em0002_02_186_Loop.uasset"
"em0002_02_187.uasset",".uasset",".","E:\zhanggz_combat\Proj_Metahuman\Content\M98\Art\Character\Monster\Dragon\em0002_02_187.uasset"
"em0002_02_191.uasset",".uasset",".","E:\zhanggz_combat\Proj_Metahuman\Content\M98\Art\Character\Monster\Dragon\em0002_02_191.uasset"
"em0002_02_192.uasset",".uasset",".","E:\zhanggz_combat\Proj_Metahuman\Content\M98\Art\Character\Monster\Dragon\em0002_02_192.uasset"
"em0002_02_193.uasset",".uasset",".","E:\zhanggz_combat\Proj_Metahuman\Content\M98\Art\Character\Monster\Dragon\em0002_02_193.uasset"
"em0002_02_194.uasset",".uasset",".","E:\zhanggz_combat\Proj_Metahuman\Content\M98\Art\Character\Monster\Dragon\em0002_02_194.uasset"
"em0002_02_201.uasset",".uasset",".","E:\zhanggz_combat\Proj_Metahuman\Content\M98\Art\Character\Monster\Dragon\em0002_02_201.uasset"
"em0002_02_211.uasset",".uasset",".","E:\zhanggz_combat\Proj_Metahuman\Content\M98\Art\Character\Monster\Dragon\em0002_02_211.uasset"
"em0002_02_212.uasset",".uasset",".","E:\zhanggz_combat\Proj_Metahuman\Content\M98\Art\Character\Monster\Dragon\em0002_02_212.uasset"
"em0002_02_213.uasset",".uasset",".","E:\zhanggz_combat\Proj_Metahuman\Content\M98\Art\Character\Monster\Dragon\em0002_02_213.uasset"
"em0002_02_216_Loop.uasset",".uasset",".","E:\zhanggz_combat\Proj_Metahuman\Content\M98\Art\Character\Monster\Dragon\em0002_02_216_Loop.uasset"
"em0002_02_217.uasset",".uasset",".","E:\zhanggz_combat\Proj_Metahuman\Content\M98\Art\Character\Monster\Dragon\em0002_02_217.uasset"
"em0002_02_221.uasset",".uasset",".","E:\zhanggz_combat\Proj_Metahuman\Content\M98\Art\Character\Monster\Dragon\em0002_02_221.uasset"
"em0002_02_222.uasset",".uasset",".","E:\zhanggz_combat\Proj_Metahuman\Content\M98\Art\Character\Monster\Dragon\em0002_02_222.uasset"
"em0002_02_224.uasset",".uasset",".","E:\zhanggz_combat\Proj_Metahuman\Content\M98\Art\Character\Monster\Dragon\em0002_02_224.uasset"
"em0002_02_225.uasset",".uasset",".","E:\zhanggz_combat\Proj_Metahuman\Content\M98\Art\Character\Monster\Dragon\em0002_02_225.uasset"
"em0002_02_226.uasset",".uasset",".","E:\zhanggz_combat\Proj_Metahuman\Content\M98\Art\Character\Monster\Dragon\em0002_02_226.uasset"
"em0002_02_227.uasset",".uasset",".","E:\zhanggz_combat\Proj_Metahuman\Content\M98\Art\Character\Monster\Dragon\em0002_02_227.uasset"
"em0002_02_228.uasset",".uasset",".","E:\zhanggz_combat\Proj_Metahuman\Content\M98\Art\Character\Monster\Dragon\em0002_02_228.uasset"
"em0002_02_237.uasset",".uasset",".","E:\zhanggz_combat\Proj_Metahuman\Content\M98\Art\Character\Monster\Dragon\em0002_02_237.uasset"
"em0002_02_238.uasset",".uasset",".","E:\zhanggz_combat\Proj_Metahuman\Content\M98\Art\Character\Monster\Dragon\em0002_02_238.uasset"
"em0002_02_239.uasset",".uasset",".","E:\zhanggz_combat\Proj_Metahuman\Content\M98\Art\Character\Monster\Dragon\em0002_02_239.uasset"
"em0002_02_240.uasset",".uasset",".","E:\zhanggz_combat\Proj_Metahuman\Content\M98\Art\Character\Monster\Dragon\em0002_02_240.uasset"
"em0002_02_241.uasset",".uasset",".","E:\zhanggz_combat\Proj_Metahuman\Content\M98\Art\Character\Monster\Dragon\em0002_02_241.uasset"
"em0002_02_242.uasset",".uasset",".","E:\zhanggz_combat\Proj_Metahuman\Content\M98\Art\Character\Monster\Dragon\em0002_02_242.uasset"
"em0002_02_244.uasset",".uasset",".","E:\zhanggz_combat\Proj_Metahuman\Content\M98\Art\Character\Monster\Dragon\em0002_02_244.uasset"
"em0002_02_245.uasset",".uasset",".","E:\zhanggz_combat\Proj_Metahuman\Content\M98\Art\Character\Monster\Dragon\em0002_02_245.uasset"
"em0002_02_246.uasset",".uasset",".","E:\zhanggz_combat\Proj_Metahuman\Content\M98\Art\Character\Monster\Dragon\em0002_02_246.uasset"
"em0002_02_247.uasset",".uasset",".","E:\zhanggz_combat\Proj_Metahuman\Content\M98\Art\Character\Monster\Dragon\em0002_02_247.uasset"
"em0002_02_248.uasset",".uasset",".","E:\zhanggz_combat\Proj_Metahuman\Content\M98\Art\Character\Monster\Dragon\em0002_02_248.uasset"
"em0002_02_250.uasset",".uasset",".","E:\zhanggz_combat\Proj_Metahuman\Content\M98\Art\Character\Monster\Dragon\em0002_02_250.uasset"
"em0002_02_251.uasset",".uasset",".","E:\zhanggz_combat\Proj_Metahuman\Content\M98\Art\Character\Monster\Dragon\em0002_02_251.uasset"
"em0002_02_252.uasset",".uasset",".","E:\zhanggz_combat\Proj_Metahuman\Content\M98\Art\Character\Monster\Dragon\em0002_02_252.uasset"
"em0002_02_253.uasset",".uasset",".","E:\zhanggz_combat\Proj_Metahuman\Content\M98\Art\Character\Monster\Dragon\em0002_02_253.uasset"
"em0002_02_254.uasset",".uasset",".","E:\zhanggz_combat\Proj_Metahuman\Content\M98\Art\Character\Monster\Dragon\em0002_02_254.uasset"
"em0002_02_258.uasset",".uasset",".","E:\zhanggz_combat\Proj_Metahuman\Content\M98\Art\Character\Monster\Dragon\em0002_02_258.uasset"
"em0002_02_259_Loop.uasset",".uasset",".","E:\zhanggz_combat\Proj_Metahuman\Content\M98\Art\Character\Monster\Dragon\em0002_02_259_Loop.uasset"
"em0002_02_260.uasset",".uasset",".","E:\zhanggz_combat\Proj_Metahuman\Content\M98\Art\Character\Monster\Dragon\em0002_02_260.uasset"
"em0002_02_265.uasset",".uasset",".","E:\zhanggz_combat\Proj_Metahuman\Content\M98\Art\Character\Monster\Dragon\em0002_02_265.uasset"
"em0002_02_266.uasset",".uasset",".","E:\zhanggz_combat\Proj_Metahuman\Content\M98\Art\Character\Monster\Dragon\em0002_02_266.uasset"
"em0002_02_267.uasset",".uasset",".","E:\zhanggz_combat\Proj_Metahuman\Content\M98\Art\Character\Monster\Dragon\em0002_02_267.uasset"
"em0002_02_271.uasset",".uasset",".","E:\zhanggz_combat\Proj_Metahuman\Content\M98\Art\Character\Monster\Dragon\em0002_02_271.uasset"
"em0002_02_272.uasset",".uasset",".","E:\zhanggz_combat\Proj_Metahuman\Content\M98\Art\Character\Monster\Dragon\em0002_02_272.uasset"
"em0002_02_273.uasset",".uasset",".","E:\zhanggz_combat\Proj_Metahuman\Content\M98\Art\Character\Monster\Dragon\em0002_02_273.uasset"
"em0002_02_277.uasset",".uasset",".","E:\zhanggz_combat\Proj_Metahuman\Content\M98\Art\Character\Monster\Dragon\em0002_02_277.uasset"
"em0002_02_278.uasset",".uasset",".","E:\zhanggz_combat\Proj_Metahuman\Content\M98\Art\Character\Monster\Dragon\em0002_02_278.uasset"
"em0002_02_279.uasset",".uasset",".","E:\zhanggz_combat\Proj_Metahuman\Content\M98\Art\Character\Monster\Dragon\em0002_02_279.uasset"
"em0002_02_280.uasset",".uasset",".","E:\zhanggz_combat\Proj_Metahuman\Content\M98\Art\Character\Monster\Dragon\em0002_02_280.uasset"
"em0002_02_281.uasset",".uasset",".","E:\zhanggz_combat\Proj_Metahuman\Content\M98\Art\Character\Monster\Dragon\em0002_02_281.uasset"
"em0002_02_282.uasset",".uasset",".","E:\zhanggz_combat\Proj_Metahuman\Content\M98\Art\Character\Monster\Dragon\em0002_02_282.uasset"
"em0002_02_286.uasset",".uasset",".","E:\zhanggz_combat\Proj_Metahuman\Content\M98\Art\Character\Monster\Dragon\em0002_02_286.uasset"
"em0002_02_287.uasset",".uasset",".","E:\zhanggz_combat\Proj_Metahuman\Content\M98\Art\Character\Monster\Dragon\em0002_02_287.uasset"
"em0002_02_288.uasset",".uasset",".","E:\zhanggz_combat\Proj_Metahuman\Content\M98\Art\Character\Monster\Dragon\em0002_02_288.uasset"
"em0002_02_295.uasset",".uasset",".","E:\zhanggz_combat\Proj_Metahuman\Content\M98\Art\Character\Monster\Dragon\em0002_02_295.uasset"
"em0002_02_296.uasset",".uasset",".","E:\zhanggz_combat\Proj_Metahuman\Content\M98\Art\Character\Monster\Dragon\em0002_02_296.uasset"
"em0002_02_300.uasset",".uasset",".","E:\zhanggz_combat\Proj_Metahuman\Content\M98\Art\Character\Monster\Dragon\em0002_02_300.uasset"
"em0002_02_301.uasset",".uasset",".","E:\zhanggz_combat\Proj_Metahuman\Content\M98\Art\Character\Monster\Dragon\em0002_02_301.uasset"
"em0002_02_303.uasset",".uasset",".","E:\zhanggz_combat\Proj_Metahuman\Content\M98\Art\Character\Monster\Dragon\em0002_02_303.uasset"
"em0002_02_304.uasset",".uasset",".","E:\zhanggz_combat\Proj_Metahuman\Content\M98\Art\Character\Monster\Dragon\em0002_02_304.uasset"
"em0002_02_306.uasset",".uasset",".","E:\zhanggz_combat\Proj_Metahuman\Content\M98\Art\Character\Monster\Dragon\em0002_02_306.uasset"
"em0002_02_307.uasset",".uasset",".","E:\zhanggz_combat\Proj_Metahuman\Content\M98\Art\Character\Monster\Dragon\em0002_02_307.uasset"
"em0002_02_308_Loop.uasset",".uasset",".","E:\zhanggz_combat\Proj_Metahuman\Content\M98\Art\Character\Monster\Dragon\em0002_02_308_Loop.uasset"
"em0002_02_309.uasset",".uasset",".","E:\zhanggz_combat\Proj_Metahuman\Content\M98\Art\Character\Monster\Dragon\em0002_02_309.uasset"
"em0002_02_311.uasset",".uasset",".","E:\zhanggz_combat\Proj_Metahuman\Content\M98\Art\Character\Monster\Dragon\em0002_02_311.uasset"
"em0002_02_312.uasset",".uasset",".","E:\zhanggz_combat\Proj_Metahuman\Content\M98\Art\Character\Monster\Dragon\em0002_02_312.uasset"
"em0002_02_313.uasset",".uasset",".","E:\zhanggz_combat\Proj_Metahuman\Content\M98\Art\Character\Monster\Dragon\em0002_02_313.uasset"
"em0002_02_314.uasset",".uasset",".","E:\zhanggz_combat\Proj_Metahuman\Content\M98\Art\Character\Monster\Dragon\em0002_02_314.uasset"
"em0002_02_315.uasset",".uasset",".","E:\zhanggz_combat\Proj_Metahuman\Content\M98\Art\Character\Monster\Dragon\em0002_02_315.uasset"
"em0002_02_316.uasset",".uasset",".","E:\zhanggz_combat\Proj_Metahuman\Content\M98\Art\Character\Monster\Dragon\em0002_02_316.uasset"
"em0002_02_317.uasset",".uasset",".","E:\zhanggz_combat\Proj_Metahuman\Content\M98\Art\Character\Monster\Dragon\em0002_02_317.uasset"
"em0002_02_318.uasset",".uasset",".","E:\zhanggz_combat\Proj_Metahuman\Content\M98\Art\Character\Monster\Dragon\em0002_02_318.uasset"
"em0002_02_320.uasset",".uasset",".","E:\zhanggz_combat\Proj_Metahuman\Content\M98\Art\Character\Monster\Dragon\em0002_02_320.uasset"
"em0002_02_330.uasset",".uasset",".","E:\zhanggz_combat\Proj_Metahuman\Content\M98\Art\Character\Monster\Dragon\em0002_02_330.uasset"
"em0002_02_331.uasset",".uasset",".","E:\zhanggz_combat\Proj_Metahuman\Content\M98\Art\Character\Monster\Dragon\em0002_02_331.uasset"
"em0002_02_332.uasset",".uasset",".","E:\zhanggz_combat\Proj_Metahuman\Content\M98\Art\Character\Monster\Dragon\em0002_02_332.uasset"
"em0002_02_333.uasset",".uasset",".","E:\zhanggz_combat\Proj_Metahuman\Content\M98\Art\Character\Monster\Dragon\em0002_02_333.uasset"
"em0002_02_334.uasset",".uasset",".","E:\zhanggz_combat\Proj_Metahuman\Content\M98\Art\Character\Monster\Dragon\em0002_02_334.uasset"
"em0002_02_335.uasset",".uasset",".","E:\zhanggz_combat\Proj_Metahuman\Content\M98\Art\Character\Monster\Dragon\em0002_02_335.uasset"
"em0002_02_353.uasset",".uasset",".","E:\zhanggz_combat\Proj_Metahuman\Content\M98\Art\Character\Monster\Dragon\em0002_02_353.uasset"
"em0002_02_354.uasset",".uasset",".","E:\zhanggz_combat\Proj_Metahuman\Content\M98\Art\Character\Monster\Dragon\em0002_02_354.uasset"
"em0002_02_355.uasset",".uasset",".","E:\zhanggz_combat\Proj_Metahuman\Content\M98\Art\Character\Monster\Dragon\em0002_02_355.uasset"
"em0002_02_356.uasset",".uasset",".","E:\zhanggz_combat\Proj_Metahuman\Content\M98\Art\Character\Monster\Dragon\em0002_02_356.uasset"
"em0002_02_357.uasset",".uasset",".","E:\zhanggz_combat\Proj_Metahuman\Content\M98\Art\Character\Monster\Dragon\em0002_02_357.uasset"
"em0002_02_359.uasset",".uasset",".","E:\zhanggz_combat\Proj_Metahuman\Content\M98\Art\Character\Monster\Dragon\em0002_02_359.uasset"
"em0002_02_361.uasset",".uasset",".","E:\zhanggz_combat\Proj_Metahuman\Content\M98\Art\Character\Monster\Dragon\em0002_02_361.uasset"
"em0002_02_366.uasset",".uasset",".","E:\zhanggz_combat\Proj_Metahuman\Content\M98\Art\Character\Monster\Dragon\em0002_02_366.uasset"
"em0002_02_367.uasset",".uasset",".","E:\zhanggz_combat\Proj_Metahuman\Content\M98\Art\Character\Monster\Dragon\em0002_02_367.uasset"
"em0002_02_368.uasset",".uasset",".","E:\zhanggz_combat\Proj_Metahuman\Content\M98\Art\Character\Monster\Dragon\em0002_02_368.uasset"
"em0002_02_369.uasset",".uasset",".","E:\zhanggz_combat\Proj_Metahuman\Content\M98\Art\Character\Monster\Dragon\em0002_02_369.uasset"
"em0002_02_372.uasset",".uasset",".","E:\zhanggz_combat\Proj_Metahuman\Content\M98\Art\Character\Monster\Dragon\em0002_02_372.uasset"
"em0002_02_373.uasset",".uasset",".","E:\zhanggz_combat\Proj_Metahuman\Content\M98\Art\Character\Monster\Dragon\em0002_02_373.uasset"
"em0002_02_374.uasset",".uasset",".","E:\zhanggz_combat\Proj_Metahuman\Content\M98\Art\Character\Monster\Dragon\em0002_02_374.uasset"
"em0002_02_375.uasset",".uasset",".","E:\zhanggz_combat\Proj_Metahuman\Content\M98\Art\Character\Monster\Dragon\em0002_02_375.uasset"
"em0002_02_376.uasset",".uasset",".","E:\zhanggz_combat\Proj_Metahuman\Content\M98\Art\Character\Monster\Dragon\em0002_02_376.uasset"
"em0002_02_378.uasset",".uasset",".","E:\zhanggz_combat\Proj_Metahuman\Content\M98\Art\Character\Monster\Dragon\em0002_02_378.uasset"
"em0002_02_380.uasset",".uasset",".","E:\zhanggz_combat\Proj_Metahuman\Content\M98\Art\Character\Monster\Dragon\em0002_02_380.uasset"
"em0002_02_383.uasset",".uasset",".","E:\zhanggz_combat\Proj_Metahuman\Content\M98\Art\Character\Monster\Dragon\em0002_02_383.uasset"
"em0002_02_384.uasset",".uasset",".","E:\zhanggz_combat\Proj_Metahuman\Content\M98\Art\Character\Monster\Dragon\em0002_02_384.uasset"
"em0002_02_385.uasset",".uasset",".","E:\zhanggz_combat\Proj_Metahuman\Content\M98\Art\Character\Monster\Dragon\em0002_02_385.uasset"
"em0002_02_386.uasset",".uasset",".","E:\zhanggz_combat\Proj_Metahuman\Content\M98\Art\Character\Monster\Dragon\em0002_02_386.uasset"
"em0002_02_387.uasset",".uasset",".","E:\zhanggz_combat\Proj_Metahuman\Content\M98\Art\Character\Monster\Dragon\em0002_02_387.uasset"
"em0002_02_389.uasset",".uasset",".","E:\zhanggz_combat\Proj_Metahuman\Content\M98\Art\Character\Monster\Dragon\em0002_02_389.uasset"
"em0002_02_390.uasset",".uasset",".","E:\zhanggz_combat\Proj_Metahuman\Content\M98\Art\Character\Monster\Dragon\em0002_02_390.uasset"
"em0002_02_391.uasset",".uasset",".","E:\zhanggz_combat\Proj_Metahuman\Content\M98\Art\Character\Monster\Dragon\em0002_02_391.uasset"
"em0002_02_392.uasset",".uasset",".","E:\zhanggz_combat\Proj_Metahuman\Content\M98\Art\Character\Monster\Dragon\em0002_02_392.uasset"
"em0002_02_393.uasset",".uasset",".","E:\zhanggz_combat\Proj_Metahuman\Content\M98\Art\Character\Monster\Dragon\em0002_02_393.uasset"
"em0002_02_394.uasset",".uasset",".","E:\zhanggz_combat\Proj_Metahuman\Content\M98\Art\Character\Monster\Dragon\em0002_02_394.uasset"
"em0002_02_395.uasset",".uasset",".","E:\zhanggz_combat\Proj_Metahuman\Content\M98\Art\Character\Monster\Dragon\em0002_02_395.uasset"
"em0002_02_396.uasset",".uasset",".","E:\zhanggz_combat\Proj_Metahuman\Content\M98\Art\Character\Monster\Dragon\em0002_02_396.uasset"
"em0002_02_397.uasset",".uasset",".","E:\zhanggz_combat\Proj_Metahuman\Content\M98\Art\Character\Monster\Dragon\em0002_02_397.uasset"
"em0002_02_398.uasset",".uasset",".","E:\zhanggz_combat\Proj_Metahuman\Content\M98\Art\Character\Monster\Dragon\em0002_02_398.uasset"
"em0002_02_399.uasset",".uasset",".","E:\zhanggz_combat\Proj_Metahuman\Content\M98\Art\Character\Monster\Dragon\em0002_02_399.uasset"
"em0002_02_400.uasset",".uasset",".","E:\zhanggz_combat\Proj_Metahuman\Content\M98\Art\Character\Monster\Dragon\em0002_02_400.uasset"
"em0002_02_401.uasset",".uasset",".","E:\zhanggz_combat\Proj_Metahuman\Content\M98\Art\Character\Monster\Dragon\em0002_02_401.uasset"
"em0002_02_402.uasset",".uasset",".","E:\zhanggz_combat\Proj_Metahuman\Content\M98\Art\Character\Monster\Dragon\em0002_02_402.uasset"
"em0002_02_403.uasset",".uasset",".","E:\zhanggz_combat\Proj_Metahuman\Content\M98\Art\Character\Monster\Dragon\em0002_02_403.uasset"
"em0002_02_404.uasset",".uasset",".","E:\zhanggz_combat\Proj_Metahuman\Content\M98\Art\Character\Monster\Dragon\em0002_02_404.uasset"
"em0002_02_405.uasset",".uasset",".","E:\zhanggz_combat\Proj_Metahuman\Content\M98\Art\Character\Monster\Dragon\em0002_02_405.uasset"
"em0002_02_406.uasset",".uasset",".","E:\zhanggz_combat\Proj_Metahuman\Content\M98\Art\Character\Monster\Dragon\em0002_02_406.uasset"
"em0002_02_407.uasset",".uasset",".","E:\zhanggz_combat\Proj_Metahuman\Content\M98\Art\Character\Monster\Dragon\em0002_02_407.uasset"
"em0002_03_001.uasset",".uasset",".","E:\zhanggz_combat\Proj_Metahuman\Content\M98\Art\Character\Monster\Dragon\em0002_03_001.uasset"
"em0002_03_002.uasset",".uasset",".","E:\zhanggz_combat\Proj_Metahuman\Content\M98\Art\Character\Monster\Dragon\em0002_03_002.uasset"
"em0002_03_004.uasset",".uasset",".","E:\zhanggz_combat\Proj_Metahuman\Content\M98\Art\Character\Monster\Dragon\em0002_03_004.uasset"
"em0002_03_006.uasset",".uasset",".","E:\zhanggz_combat\Proj_Metahuman\Content\M98\Art\Character\Monster\Dragon\em0002_03_006.uasset"
"em0002_03_007.uasset",".uasset",".","E:\zhanggz_combat\Proj_Metahuman\Content\M98\Art\Character\Monster\Dragon\em0002_03_007.uasset"
"em0002_03_008.uasset",".uasset",".","E:\zhanggz_combat\Proj_Metahuman\Content\M98\Art\Character\Monster\Dragon\em0002_03_008.uasset"
"em0002_03_010.uasset",".uasset",".","E:\zhanggz_combat\Proj_Metahuman\Content\M98\Art\Character\Monster\Dragon\em0002_03_010.uasset"
"em0002_03_014.uasset",".uasset",".","E:\zhanggz_combat\Proj_Metahuman\Content\M98\Art\Character\Monster\Dragon\em0002_03_014.uasset"
"em0002_03_015_Loop.uasset",".uasset",".","E:\zhanggz_combat\Proj_Metahuman\Content\M98\Art\Character\Monster\Dragon\em0002_03_015_Loop.uasset"
"em0002_03_016.uasset",".uasset",".","E:\zhanggz_combat\Proj_Metahuman\Content\M98\Art\Character\Monster\Dragon\em0002_03_016.uasset"
"em0002_03_020.uasset",".uasset",".","E:\zhanggz_combat\Proj_Metahuman\Content\M98\Art\Character\Monster\Dragon\em0002_03_020.uasset"
"em0002_03_021.uasset",".uasset",".","E:\zhanggz_combat\Proj_Metahuman\Content\M98\Art\Character\Monster\Dragon\em0002_03_021.uasset"
"em0002_03_022.uasset",".uasset",".","E:\zhanggz_combat\Proj_Metahuman\Content\M98\Art\Character\Monster\Dragon\em0002_03_022.uasset"
"em0002_03_023.uasset",".uasset",".","E:\zhanggz_combat\Proj_Metahuman\Content\M98\Art\Character\Monster\Dragon\em0002_03_023.uasset"
"em0002_03_024_Loop.uasset",".uasset",".","E:\zhanggz_combat\Proj_Metahuman\Content\M98\Art\Character\Monster\Dragon\em0002_03_024_Loop.uasset"
"em0002_03_025.uasset",".uasset",".","E:\zhanggz_combat\Proj_Metahuman\Content\M98\Art\Character\Monster\Dragon\em0002_03_025.uasset"
"em0002_03_026.uasset",".uasset",".","E:\zhanggz_combat\Proj_Metahuman\Content\M98\Art\Character\Monster\Dragon\em0002_03_026.uasset"
"em0002_03_027_Loop.uasset",".uasset",".","E:\zhanggz_combat\Proj_Metahuman\Content\M98\Art\Character\Monster\Dragon\em0002_03_027_Loop.uasset"
"em0002_03_028.uasset",".uasset",".","E:\zhanggz_combat\Proj_Metahuman\Content\M98\Art\Character\Monster\Dragon\em0002_03_028.uasset"
"em0002_03_029.uasset",".uasset",".","E:\zhanggz_combat\Proj_Metahuman\Content\M98\Art\Character\Monster\Dragon\em0002_03_029.uasset"
"em0002_03_030.uasset",".uasset",".","E:\zhanggz_combat\Proj_Metahuman\Content\M98\Art\Character\Monster\Dragon\em0002_03_030.uasset"
"em0002_03_031.uasset",".uasset",".","E:\zhanggz_combat\Proj_Metahuman\Content\M98\Art\Character\Monster\Dragon\em0002_03_031.uasset"
"em0002_03_032_Loop.uasset",".uasset",".","E:\zhanggz_combat\Proj_Metahuman\Content\M98\Art\Character\Monster\Dragon\em0002_03_032_Loop.uasset"
"em0002_03_033.uasset",".uasset",".","E:\zhanggz_combat\Proj_Metahuman\Content\M98\Art\Character\Monster\Dragon\em0002_03_033.uasset"
"em0002_03_034.uasset",".uasset",".","E:\zhanggz_combat\Proj_Metahuman\Content\M98\Art\Character\Monster\Dragon\em0002_03_034.uasset"
"em0002_03_035.uasset",".uasset",".","E:\zhanggz_combat\Proj_Metahuman\Content\M98\Art\Character\Monster\Dragon\em0002_03_035.uasset"
"em0002_03_036_Loop.uasset",".uasset",".","E:\zhanggz_combat\Proj_Metahuman\Content\M98\Art\Character\Monster\Dragon\em0002_03_036_Loop.uasset"
"em0002_03_037.uasset",".uasset",".","E:\zhanggz_combat\Proj_Metahuman\Content\M98\Art\Character\Monster\Dragon\em0002_03_037.uasset"
"em0002_03_038.uasset",".uasset",".","E:\zhanggz_combat\Proj_Metahuman\Content\M98\Art\Character\Monster\Dragon\em0002_03_038.uasset"
"em0002_03_040.uasset",".uasset",".","E:\zhanggz_combat\Proj_Metahuman\Content\M98\Art\Character\Monster\Dragon\em0002_03_040.uasset"
"em0002_03_041.uasset",".uasset",".","E:\zhanggz_combat\Proj_Metahuman\Content\M98\Art\Character\Monster\Dragon\em0002_03_041.uasset"
"em0002_03_042_Loop.uasset",".uasset",".","E:\zhanggz_combat\Proj_Metahuman\Content\M98\Art\Character\Monster\Dragon\em0002_03_042_Loop.uasset"
"em0002_03_043.uasset",".uasset",".","E:\zhanggz_combat\Proj_Metahuman\Content\M98\Art\Character\Monster\Dragon\em0002_03_043.uasset"
"em0002_03_048.uasset",".uasset",".","E:\zhanggz_combat\Proj_Metahuman\Content\M98\Art\Character\Monster\Dragon\em0002_03_048.uasset"
"em0002_03_050.uasset",".uasset",".","E:\zhanggz_combat\Proj_Metahuman\Content\M98\Art\Character\Monster\Dragon\em0002_03_050.uasset"
"em0002_03_052.uasset",".uasset",".","E:\zhanggz_combat\Proj_Metahuman\Content\M98\Art\Character\Monster\Dragon\em0002_03_052.uasset"
"em0002_03_055.uasset",".uasset",".","E:\zhanggz_combat\Proj_Metahuman\Content\M98\Art\Character\Monster\Dragon\em0002_03_055.uasset"
"em0002_03_056.uasset",".uasset",".","E:\zhanggz_combat\Proj_Metahuman\Content\M98\Art\Character\Monster\Dragon\em0002_03_056.uasset"
"em0002_03_057.uasset",".uasset",".","E:\zhanggz_combat\Proj_Metahuman\Content\M98\Art\Character\Monster\Dragon\em0002_03_057.uasset"
"em0002_03_058_Loop.uasset",".uasset",".","E:\zhanggz_combat\Proj_Metahuman\Content\M98\Art\Character\Monster\Dragon\em0002_03_058_Loop.uasset"
"em0002_03_059_Loop.uasset",".uasset",".","E:\zhanggz_combat\Proj_Metahuman\Content\M98\Art\Character\Monster\Dragon\em0002_03_059_Loop.uasset"
"em0002_03_060_Loop.uasset",".uasset",".","E:\zhanggz_combat\Proj_Metahuman\Content\M98\Art\Character\Monster\Dragon\em0002_03_060_Loop.uasset"
"em0002_03_061.uasset",".uasset",".","E:\zhanggz_combat\Proj_Metahuman\Content\M98\Art\Character\Monster\Dragon\em0002_03_061.uasset"
"em0002_03_064.uasset",".uasset",".","E:\zhanggz_combat\Proj_Metahuman\Content\M98\Art\Character\Monster\Dragon\em0002_03_064.uasset"
"em0002_03_065.uasset",".uasset",".","E:\zhanggz_combat\Proj_Metahuman\Content\M98\Art\Character\Monster\Dragon\em0002_03_065.uasset"
"em0002_03_066_Loop.uasset",".uasset",".","E:\zhanggz_combat\Proj_Metahuman\Content\M98\Art\Character\Monster\Dragon\em0002_03_066_Loop.uasset"
"em0002_03_067.uasset",".uasset",".","E:\zhanggz_combat\Proj_Metahuman\Content\M98\Art\Character\Monster\Dragon\em0002_03_067.uasset"
"em0002_03_074.uasset",".uasset",".","E:\zhanggz_combat\Proj_Metahuman\Content\M98\Art\Character\Monster\Dragon\em0002_03_074.uasset"
"em0002_03_078.uasset",".uasset",".","E:\zhanggz_combat\Proj_Metahuman\Content\M98\Art\Character\Monster\Dragon\em0002_03_078.uasset"
"em0002_03_079.uasset",".uasset",".","E:\zhanggz_combat\Proj_Metahuman\Content\M98\Art\Character\Monster\Dragon\em0002_03_079.uasset"
"em0002_03_099.uasset",".uasset",".","E:\zhanggz_combat\Proj_Metahuman\Content\M98\Art\Character\Monster\Dragon\em0002_03_099.uasset"
"em0002_03_100.uasset",".uasset",".","E:\zhanggz_combat\Proj_Metahuman\Content\M98\Art\Character\Monster\Dragon\em0002_03_100.uasset"
"em0002_03_101.uasset",".uasset",".","E:\zhanggz_combat\Proj_Metahuman\Content\M98\Art\Character\Monster\Dragon\em0002_03_101.uasset"
"em0002_03_102.uasset",".uasset",".","E:\zhanggz_combat\Proj_Metahuman\Content\M98\Art\Character\Monster\Dragon\em0002_03_102.uasset"
"em0002_03_103_Loop.uasset",".uasset",".","E:\zhanggz_combat\Proj_Metahuman\Content\M98\Art\Character\Monster\Dragon\em0002_03_103_Loop.uasset"
"em0002_03_104.uasset",".uasset",".","E:\zhanggz_combat\Proj_Metahuman\Content\M98\Art\Character\Monster\Dragon\em0002_03_104.uasset"
"em0002_03_105.uasset",".uasset",".","E:\zhanggz_combat\Proj_Metahuman\Content\M98\Art\Character\Monster\Dragon\em0002_03_105.uasset"
"em0002_03_106.uasset",".uasset",".","E:\zhanggz_combat\Proj_Metahuman\Content\M98\Art\Character\Monster\Dragon\em0002_03_106.uasset"
"em0002_03_110.uasset",".uasset",".","E:\zhanggz_combat\Proj_Metahuman\Content\M98\Art\Character\Monster\Dragon\em0002_03_110.uasset"
"em0002_03_112.uasset",".uasset",".","E:\zhanggz_combat\Proj_Metahuman\Content\M98\Art\Character\Monster\Dragon\em0002_03_112.uasset"
"em0002_03_113_Loop.uasset",".uasset",".","E:\zhanggz_combat\Proj_Metahuman\Content\M98\Art\Character\Monster\Dragon\em0002_03_113_Loop.uasset"
"em0002_03_114.uasset",".uasset",".","E:\zhanggz_combat\Proj_Metahuman\Content\M98\Art\Character\Monster\Dragon\em0002_03_114.uasset"
"em0002_03_120.uasset",".uasset",".","E:\zhanggz_combat\Proj_Metahuman\Content\M98\Art\Character\Monster\Dragon\em0002_03_120.uasset"
"em0002_03_121_Loop.uasset",".uasset",".","E:\zhanggz_combat\Proj_Metahuman\Content\M98\Art\Character\Monster\Dragon\em0002_03_121_Loop.uasset"
"em0002_03_122.uasset",".uasset",".","E:\zhanggz_combat\Proj_Metahuman\Content\M98\Art\Character\Monster\Dragon\em0002_03_122.uasset"
"em0002_03_125.uasset",".uasset",".","E:\zhanggz_combat\Proj_Metahuman\Content\M98\Art\Character\Monster\Dragon\em0002_03_125.uasset"
"em0002_03_126.uasset",".uasset",".","E:\zhanggz_combat\Proj_Metahuman\Content\M98\Art\Character\Monster\Dragon\em0002_03_126.uasset"
"em0002_03_128.uasset",".uasset",".","E:\zhanggz_combat\Proj_Metahuman\Content\M98\Art\Character\Monster\Dragon\em0002_03_128.uasset"
"em0002_03_130.uasset",".uasset",".","E:\zhanggz_combat\Proj_Metahuman\Content\M98\Art\Character\Monster\Dragon\em0002_03_130.uasset"
"em0002_03_132.uasset",".uasset",".","E:\zhanggz_combat\Proj_Metahuman\Content\M98\Art\Character\Monster\Dragon\em0002_03_132.uasset"
"em0002_03_135.uasset",".uasset",".","E:\zhanggz_combat\Proj_Metahuman\Content\M98\Art\Character\Monster\Dragon\em0002_03_135.uasset"
"em0002_03_138.uasset",".uasset",".","E:\zhanggz_combat\Proj_Metahuman\Content\M98\Art\Character\Monster\Dragon\em0002_03_138.uasset"
"em0002_03_139_Loop.uasset",".uasset",".","E:\zhanggz_combat\Proj_Metahuman\Content\M98\Art\Character\Monster\Dragon\em0002_03_139_Loop.uasset"
"em0002_03_140.uasset",".uasset",".","E:\zhanggz_combat\Proj_Metahuman\Content\M98\Art\Character\Monster\Dragon\em0002_03_140.uasset"
"em0002_04_001.uasset",".uasset",".","E:\zhanggz_combat\Proj_Metahuman\Content\M98\Art\Character\Monster\Dragon\em0002_04_001.uasset"
"em0002_04_002.uasset",".uasset",".","E:\zhanggz_combat\Proj_Metahuman\Content\M98\Art\Character\Monster\Dragon\em0002_04_002.uasset"
"em0002_04_003.uasset",".uasset",".","E:\zhanggz_combat\Proj_Metahuman\Content\M98\Art\Character\Monster\Dragon\em0002_04_003.uasset"
"em0002_04_005.uasset",".uasset",".","E:\zhanggz_combat\Proj_Metahuman\Content\M98\Art\Character\Monster\Dragon\em0002_04_005.uasset"
"em0002_04_006_Loop.uasset",".uasset",".","E:\zhanggz_combat\Proj_Metahuman\Content\M98\Art\Character\Monster\Dragon\em0002_04_006_Loop.uasset"
"em0002_04_007.uasset",".uasset",".","E:\zhanggz_combat\Proj_Metahuman\Content\M98\Art\Character\Monster\Dragon\em0002_04_007.uasset"
"em0002_04_008.uasset",".uasset",".","E:\zhanggz_combat\Proj_Metahuman\Content\M98\Art\Character\Monster\Dragon\em0002_04_008.uasset"
"em0002_04_010.uasset",".uasset",".","E:\zhanggz_combat\Proj_Metahuman\Content\M98\Art\Character\Monster\Dragon\em0002_04_010.uasset"
"em0002_04_011_Loop.uasset",".uasset",".","E:\zhanggz_combat\Proj_Metahuman\Content\M98\Art\Character\Monster\Dragon\em0002_04_011_Loop.uasset"
"em0002_04_012.uasset",".uasset",".","E:\zhanggz_combat\Proj_Metahuman\Content\M98\Art\Character\Monster\Dragon\em0002_04_012.uasset"
"em0002_04_015.uasset",".uasset",".","E:\zhanggz_combat\Proj_Metahuman\Content\M98\Art\Character\Monster\Dragon\em0002_04_015.uasset"
"em0002_04_017.uasset",".uasset",".","E:\zhanggz_combat\Proj_Metahuman\Content\M98\Art\Character\Monster\Dragon\em0002_04_017.uasset"
"em0002_04_018_Loop.uasset",".uasset",".","E:\zhanggz_combat\Proj_Metahuman\Content\M98\Art\Character\Monster\Dragon\em0002_04_018_Loop.uasset"
"em0002_04_019.uasset",".uasset",".","E:\zhanggz_combat\Proj_Metahuman\Content\M98\Art\Character\Monster\Dragon\em0002_04_019.uasset"
"em0002_04_020.uasset",".uasset",".","E:\zhanggz_combat\Proj_Metahuman\Content\M98\Art\Character\Monster\Dragon\em0002_04_020.uasset"
"em0002_04_023.uasset",".uasset",".","E:\zhanggz_combat\Proj_Metahuman\Content\M98\Art\Character\Monster\Dragon\em0002_04_023.uasset"
"em0002_04_024_Loop.uasset",".uasset",".","E:\zhanggz_combat\Proj_Metahuman\Content\M98\Art\Character\Monster\Dragon\em0002_04_024_Loop.uasset"
"em0002_04_025.uasset",".uasset",".","E:\zhanggz_combat\Proj_Metahuman\Content\M98\Art\Character\Monster\Dragon\em0002_04_025.uasset"
"em0002_04_027.uasset",".uasset",".","E:\zhanggz_combat\Proj_Metahuman\Content\M98\Art\Character\Monster\Dragon\em0002_04_027.uasset"
"em0002_04_028_Loop.uasset",".uasset",".","E:\zhanggz_combat\Proj_Metahuman\Content\M98\Art\Character\Monster\Dragon\em0002_04_028_Loop.uasset"
"em0002_04_029.uasset",".uasset",".","E:\zhanggz_combat\Proj_Metahuman\Content\M98\Art\Character\Monster\Dragon\em0002_04_029.uasset"
"em0002_04_032.uasset",".uasset",".","E:\zhanggz_combat\Proj_Metahuman\Content\M98\Art\Character\Monster\Dragon\em0002_04_032.uasset"
"em0002_04_033_Loop.uasset",".uasset",".","E:\zhanggz_combat\Proj_Metahuman\Content\M98\Art\Character\Monster\Dragon\em0002_04_033_Loop.uasset"
"em0002_04_034.uasset",".uasset",".","E:\zhanggz_combat\Proj_Metahuman\Content\M98\Art\Character\Monster\Dragon\em0002_04_034.uasset"
"em0002_04_040_Loop.uasset",".uasset",".","E:\zhanggz_combat\Proj_Metahuman\Content\M98\Art\Character\Monster\Dragon\em0002_04_040_Loop.uasset"
"em0002_04_041.uasset",".uasset",".","E:\zhanggz_combat\Proj_Metahuman\Content\M98\Art\Character\Monster\Dragon\em0002_04_041.uasset"
"em0002_04_042.uasset",".uasset",".","E:\zhanggz_combat\Proj_Metahuman\Content\M98\Art\Character\Monster\Dragon\em0002_04_042.uasset"
"em0002_04_044.uasset",".uasset",".","E:\zhanggz_combat\Proj_Metahuman\Content\M98\Art\Character\Monster\Dragon\em0002_04_044.uasset"
"em0002_04_045.uasset",".uasset",".","E:\zhanggz_combat\Proj_Metahuman\Content\M98\Art\Character\Monster\Dragon\em0002_04_045.uasset"
"em0002_04_046.uasset",".uasset",".","E:\zhanggz_combat\Proj_Metahuman\Content\M98\Art\Character\Monster\Dragon\em0002_04_046.uasset"
"em0002_04_047.uasset",".uasset",".","E:\zhanggz_combat\Proj_Metahuman\Content\M98\Art\Character\Monster\Dragon\em0002_04_047.uasset"
"em0002_04_049.uasset",".uasset",".","E:\zhanggz_combat\Proj_Metahuman\Content\M98\Art\Character\Monster\Dragon\em0002_04_049.uasset"
"em0002_04_058.uasset",".uasset",".","E:\zhanggz_combat\Proj_Metahuman\Content\M98\Art\Character\Monster\Dragon\em0002_04_058.uasset"
"em0002_04_063.uasset",".uasset",".","E:\zhanggz_combat\Proj_Metahuman\Content\M98\Art\Character\Monster\Dragon\em0002_04_063.uasset"
"em0002_04_065.uasset",".uasset",".","E:\zhanggz_combat\Proj_Metahuman\Content\M98\Art\Character\Monster\Dragon\em0002_04_065.uasset"
"em0002_04_066.uasset",".uasset",".","E:\zhanggz_combat\Proj_Metahuman\Content\M98\Art\Character\Monster\Dragon\em0002_04_066.uasset"
"em0002_04_067.uasset",".uasset",".","E:\zhanggz_combat\Proj_Metahuman\Content\M98\Art\Character\Monster\Dragon\em0002_04_067.uasset"
"em0002_04_068.uasset",".uasset",".","E:\zhanggz_combat\Proj_Metahuman\Content\M98\Art\Character\Monster\Dragon\em0002_04_068.uasset"
"em0002_04_070.uasset",".uasset",".","E:\zhanggz_combat\Proj_Metahuman\Content\M98\Art\Character\Monster\Dragon\em0002_04_070.uasset"
"em0002_04_072.uasset",".uasset",".","E:\zhanggz_combat\Proj_Metahuman\Content\M98\Art\Character\Monster\Dragon\em0002_04_072.uasset"
"em0002_04_074.uasset",".uasset",".","E:\zhanggz_combat\Proj_Metahuman\Content\M98\Art\Character\Monster\Dragon\em0002_04_074.uasset"
"em0002_04_080.uasset",".uasset",".","E:\zhanggz_combat\Proj_Metahuman\Content\M98\Art\Character\Monster\Dragon\em0002_04_080.uasset"
"em0002_04_081_Loop.uasset",".uasset",".","E:\zhanggz_combat\Proj_Metahuman\Content\M98\Art\Character\Monster\Dragon\em0002_04_081_Loop.uasset"
"em0002_04_082.uasset",".uasset",".","E:\zhanggz_combat\Proj_Metahuman\Content\M98\Art\Character\Monster\Dragon\em0002_04_082.uasset"
"em0002_04_090.uasset",".uasset",".","E:\zhanggz_combat\Proj_Metahuman\Content\M98\Art\Character\Monster\Dragon\em0002_04_090.uasset"
"em0002_04_093.uasset",".uasset",".","E:\zhanggz_combat\Proj_Metahuman\Content\M98\Art\Character\Monster\Dragon\em0002_04_093.uasset"
"em0002_04_100.uasset",".uasset",".","E:\zhanggz_combat\Proj_Metahuman\Content\M98\Art\Character\Monster\Dragon\em0002_04_100.uasset"
"em0002_04_101.uasset",".uasset",".","E:\zhanggz_combat\Proj_Metahuman\Content\M98\Art\Character\Monster\Dragon\em0002_04_101.uasset"
"em0002_04_102.uasset",".uasset",".","E:\zhanggz_combat\Proj_Metahuman\Content\M98\Art\Character\Monster\Dragon\em0002_04_102.uasset"
"em0002_04_103.uasset",".uasset",".","E:\zhanggz_combat\Proj_Metahuman\Content\M98\Art\Character\Monster\Dragon\em0002_04_103.uasset"
"em0002_04_108.uasset",".uasset",".","E:\zhanggz_combat\Proj_Metahuman\Content\M98\Art\Character\Monster\Dragon\em0002_04_108.uasset"
"em0002_04_115.uasset",".uasset",".","E:\zhanggz_combat\Proj_Metahuman\Content\M98\Art\Character\Monster\Dragon\em0002_04_115.uasset"
"em0002_04_116_Loop.uasset",".uasset",".","E:\zhanggz_combat\Proj_Metahuman\Content\M98\Art\Character\Monster\Dragon\em0002_04_116_Loop.uasset"
"em0002_04_117.uasset",".uasset",".","E:\zhanggz_combat\Proj_Metahuman\Content\M98\Art\Character\Monster\Dragon\em0002_04_117.uasset"
"em0002_04_120.uasset",".uasset",".","E:\zhanggz_combat\Proj_Metahuman\Content\M98\Art\Character\Monster\Dragon\em0002_04_120.uasset"
"em0002_04_130.uasset",".uasset",".","E:\zhanggz_combat\Proj_Metahuman\Content\M98\Art\Character\Monster\Dragon\em0002_04_130.uasset"
"em0002_04_131.uasset",".uasset",".","E:\zhanggz_combat\Proj_Metahuman\Content\M98\Art\Character\Monster\Dragon\em0002_04_131.uasset"
"em0002_04_134.uasset",".uasset",".","E:\zhanggz_combat\Proj_Metahuman\Content\M98\Art\Character\Monster\Dragon\em0002_04_134.uasset"
"em0002_04_135.uasset",".uasset",".","E:\zhanggz_combat\Proj_Metahuman\Content\M98\Art\Character\Monster\Dragon\em0002_04_135.uasset"
"em0002_04_138.uasset",".uasset",".","E:\zhanggz_combat\Proj_Metahuman\Content\M98\Art\Character\Monster\Dragon\em0002_04_138.uasset"
"em0002_04_139.uasset",".uasset",".","E:\zhanggz_combat\Proj_Metahuman\Content\M98\Art\Character\Monster\Dragon\em0002_04_139.uasset"
"em0002_04_150.uasset",".uasset",".","E:\zhanggz_combat\Proj_Metahuman\Content\M98\Art\Character\Monster\Dragon\em0002_04_150.uasset"
"em0002_04_170.uasset",".uasset",".","E:\zhanggz_combat\Proj_Metahuman\Content\M98\Art\Character\Monster\Dragon\em0002_04_170.uasset"
"em0002_04_172.uasset",".uasset",".","E:\zhanggz_combat\Proj_Metahuman\Content\M98\Art\Character\Monster\Dragon\em0002_04_172.uasset"
"em0002_04_173.uasset",".uasset",".","E:\zhanggz_combat\Proj_Metahuman\Content\M98\Art\Character\Monster\Dragon\em0002_04_173.uasset"
"em0002_04_175.uasset",".uasset",".","E:\zhanggz_combat\Proj_Metahuman\Content\M98\Art\Character\Monster\Dragon\em0002_04_175.uasset"
"em0002_04_176.uasset",".uasset",".","E:\zhanggz_combat\Proj_Metahuman\Content\M98\Art\Character\Monster\Dragon\em0002_04_176.uasset"
"em0002_04_178.uasset",".uasset",".","E:\zhanggz_combat\Proj_Metahuman\Content\M98\Art\Character\Monster\Dragon\em0002_04_178.uasset"
"em0002_04_185.uasset",".uasset",".","E:\zhanggz_combat\Proj_Metahuman\Content\M98\Art\Character\Monster\Dragon\em0002_04_185.uasset"
"em0002_04_187.uasset",".uasset",".","E:\zhanggz_combat\Proj_Metahuman\Content\M98\Art\Character\Monster\Dragon\em0002_04_187.uasset"
"em0002_04_188.uasset",".uasset",".","E:\zhanggz_combat\Proj_Metahuman\Content\M98\Art\Character\Monster\Dragon\em0002_04_188.uasset"
"em0002_04_190.uasset",".uasset",".","E:\zhanggz_combat\Proj_Metahuman\Content\M98\Art\Character\Monster\Dragon\em0002_04_190.uasset"
"em0002_04_191.uasset",".uasset",".","E:\zhanggz_combat\Proj_Metahuman\Content\M98\Art\Character\Monster\Dragon\em0002_04_191.uasset"
"em0002_04_193.uasset",".uasset",".","E:\zhanggz_combat\Proj_Metahuman\Content\M98\Art\Character\Monster\Dragon\em0002_04_193.uasset"
"em0002_04_194.uasset",".uasset",".","E:\zhanggz_combat\Proj_Metahuman\Content\M98\Art\Character\Monster\Dragon\em0002_04_194.uasset"
"em0002_04_196.uasset",".uasset",".","E:\zhanggz_combat\Proj_Metahuman\Content\M98\Art\Character\Monster\Dragon\em0002_04_196.uasset"
"em0002_04_197.uasset",".uasset",".","E:\zhanggz_combat\Proj_Metahuman\Content\M98\Art\Character\Monster\Dragon\em0002_04_197.uasset"
"em0002_04_199.uasset",".uasset",".","E:\zhanggz_combat\Proj_Metahuman\Content\M98\Art\Character\Monster\Dragon\em0002_04_199.uasset"
"em0002_04_200.uasset",".uasset",".","E:\zhanggz_combat\Proj_Metahuman\Content\M98\Art\Character\Monster\Dragon\em0002_04_200.uasset"
"em0002_04_202.uasset",".uasset",".","E:\zhanggz_combat\Proj_Metahuman\Content\M98\Art\Character\Monster\Dragon\em0002_04_202.uasset"
"em0002_04_215.uasset",".uasset",".","E:\zhanggz_combat\Proj_Metahuman\Content\M98\Art\Character\Monster\Dragon\em0002_04_215.uasset"
"em0002_04_217.uasset",".uasset",".","E:\zhanggz_combat\Proj_Metahuman\Content\M98\Art\Character\Monster\Dragon\em0002_04_217.uasset"
"em0002_04_219.uasset",".uasset",".","E:\zhanggz_combat\Proj_Metahuman\Content\M98\Art\Character\Monster\Dragon\em0002_04_219.uasset"
"em0002_06_001.uasset",".uasset",".","E:\zhanggz_combat\Proj_Metahuman\Content\M98\Art\Character\Monster\Dragon\em0002_06_001.uasset"
"em0002_06_002.uasset",".uasset",".","E:\zhanggz_combat\Proj_Metahuman\Content\M98\Art\Character\Monster\Dragon\em0002_06_002.uasset"
"em0002_06_005.uasset",".uasset",".","E:\zhanggz_combat\Proj_Metahuman\Content\M98\Art\Character\Monster\Dragon\em0002_06_005.uasset"
"em0002_06_010.uasset",".uasset",".","E:\zhanggz_combat\Proj_Metahuman\Content\M98\Art\Character\Monster\Dragon\em0002_06_010.uasset"
"em0002_06_011.uasset",".uasset",".","E:\zhanggz_combat\Proj_Metahuman\Content\M98\Art\Character\Monster\Dragon\em0002_06_011.uasset"
"em0002_06_013.uasset",".uasset",".","E:\zhanggz_combat\Proj_Metahuman\Content\M98\Art\Character\Monster\Dragon\em0002_06_013.uasset"
"em0002_06_015.uasset",".uasset",".","E:\zhanggz_combat\Proj_Metahuman\Content\M98\Art\Character\Monster\Dragon\em0002_06_015.uasset"
"em0002_06_017.uasset",".uasset",".","E:\zhanggz_combat\Proj_Metahuman\Content\M98\Art\Character\Monster\Dragon\em0002_06_017.uasset"
"em0002_09_001.uasset",".uasset",".","E:\zhanggz_combat\Proj_Metahuman\Content\M98\Art\Character\Monster\Dragon\em0002_09_001.uasset"
"em0002_09_003.uasset",".uasset",".","E:\zhanggz_combat\Proj_Metahuman\Content\M98\Art\Character\Monster\Dragon\em0002_09_003.uasset"
"em0002_09_004.uasset",".uasset",".","E:\zhanggz_combat\Proj_Metahuman\Content\M98\Art\Character\Monster\Dragon\em0002_09_004.uasset"
"em0002_09_005.uasset",".uasset",".","E:\zhanggz_combat\Proj_Metahuman\Content\M98\Art\Character\Monster\Dragon\em0002_09_005.uasset"
"em0002_09_007.uasset",".uasset",".","E:\zhanggz_combat\Proj_Metahuman\Content\M98\Art\Character\Monster\Dragon\em0002_09_007.uasset"
"em0002_09_008_Loop.uasset",".uasset",".","E:\zhanggz_combat\Proj_Metahuman\Content\M98\Art\Character\Monster\Dragon\em0002_09_008_Loop.uasset"
"em0002_09_009.uasset",".uasset",".","E:\zhanggz_combat\Proj_Metahuman\Content\M98\Art\Character\Monster\Dragon\em0002_09_009.uasset"
"em0002_09_030.uasset",".uasset",".","E:\zhanggz_combat\Proj_Metahuman\Content\M98\Art\Character\Monster\Dragon\em0002_09_030.uasset"
"em0002_09_032.uasset",".uasset",".","E:\zhanggz_combat\Proj_Metahuman\Content\M98\Art\Character\Monster\Dragon\em0002_09_032.uasset"
"em0002_09_033.uasset",".uasset",".","E:\zhanggz_combat\Proj_Metahuman\Content\M98\Art\Character\Monster\Dragon\em0002_09_033.uasset"
"em0002_09_036.uasset",".uasset",".","E:\zhanggz_combat\Proj_Metahuman\Content\M98\Art\Character\Monster\Dragon\em0002_09_036.uasset"
"em0002_09_037_Loop.uasset",".uasset",".","E:\zhanggz_combat\Proj_Metahuman\Content\M98\Art\Character\Monster\Dragon\em0002_09_037_Loop.uasset"
"em0002_09_038.uasset",".uasset",".","E:\zhanggz_combat\Proj_Metahuman\Content\M98\Art\Character\Monster\Dragon\em0002_09_038.uasset"
"em0002_09_060.uasset",".uasset",".","E:\zhanggz_combat\Proj_Metahuman\Content\M98\Art\Character\Monster\Dragon\em0002_09_060.uasset"
"em0002_09_065.uasset",".uasset",".","E:\zhanggz_combat\Proj_Metahuman\Content\M98\Art\Character\Monster\Dragon\em0002_09_065.uasset"
"em0002_09_066.uasset",".uasset",".","E:\zhanggz_combat\Proj_Metahuman\Content\M98\Art\Character\Monster\Dragon\em0002_09_066.uasset"
"em0002_09_067.uasset",".uasset",".","E:\zhanggz_combat\Proj_Metahuman\Content\M98\Art\Character\Monster\Dragon\em0002_09_067.uasset"
"em0002_09_068.uasset",".uasset",".","E:\zhanggz_combat\Proj_Metahuman\Content\M98\Art\Character\Monster\Dragon\em0002_09_068.uasset"
"em0002_09_071.uasset",".uasset",".","E:\zhanggz_combat\Proj_Metahuman\Content\M98\Art\Character\Monster\Dragon\em0002_09_071.uasset"
"em0002_09_072.uasset",".uasset",".","E:\zhanggz_combat\Proj_Metahuman\Content\M98\Art\Character\Monster\Dragon\em0002_09_072.uasset"
"em0002_09_073.uasset",".uasset",".","E:\zhanggz_combat\Proj_Metahuman\Content\M98\Art\Character\Monster\Dragon\em0002_09_073.uasset"
"em0002_09_074.uasset",".uasset",".","E:\zhanggz_combat\Proj_Metahuman\Content\M98\Art\Character\Monster\Dragon\em0002_09_074.uasset"
"em0002_60_001.uasset",".uasset",".","E:\zhanggz_combat\Proj_Metahuman\Content\M98\Art\Character\Monster\Dragon\em0002_60_001.uasset"
"em0002_60_002_Loop.uasset",".uasset",".","E:\zhanggz_combat\Proj_Metahuman\Content\M98\Art\Character\Monster\Dragon\em0002_60_002_Loop.uasset"
"em0002_60_003.uasset",".uasset",".","E:\zhanggz_combat\Proj_Metahuman\Content\M98\Art\Character\Monster\Dragon\em0002_60_003.uasset"
"em0002_99_001.uasset",".uasset",".","E:\zhanggz_combat\Proj_Metahuman\Content\M98\Art\Character\Monster\Dragon\em0002_99_001.uasset"
"dragon.uasset",".uasset",".\Mesh","E:\zhanggz_combat\Proj_Metahuman\Content\M98\Art\Character\Monster\Dragon\Mesh\dragon.uasset"
"dragon_PhysicsAsset.uasset",".uasset",".\Mesh","E:\zhanggz_combat\Proj_Metahuman\Content\M98\Art\Character\Monster\Dragon\Mesh\dragon_PhysicsAsset.uasset"
"dragon_Skeleton.uasset",".uasset",".\Mesh","E:\zhanggz_combat\Proj_Metahuman\Content\M98\Art\Character\Monster\Dragon\Mesh\dragon_Skeleton.uasset"
"Mat_body_1001.uasset",".uasset",".\Mesh","E:\zhanggz_combat\Proj_Metahuman\Content\M98\Art\Character\Monster\Dragon\Mesh\Mat_body_1001.uasset"
"Mat_body_1002.uasset",".uasset",".\Mesh","E:\zhanggz_combat\Proj_Metahuman\Content\M98\Art\Character\Monster\Dragon\Mesh\Mat_body_1002.uasset"
"Mat_body_1003.uasset",".uasset",".\Mesh","E:\zhanggz_combat\Proj_Metahuman\Content\M98\Art\Character\Monster\Dragon\Mesh\Mat_body_1003.uasset"
"Mat_body_1004.uasset",".uasset",".\Mesh","E:\zhanggz_combat\Proj_Metahuman\Content\M98\Art\Character\Monster\Dragon\Mesh\Mat_body_1004.uasset"
"Mat_Eye.uasset",".uasset",".\Mesh","E:\zhanggz_combat\Proj_Metahuman\Content\M98\Art\Character\Monster\Dragon\Mesh\Mat_Eye.uasset"
"Mat_EyeCover.uasset",".uasset",".\Mesh","E:\zhanggz_combat\Proj_Metahuman\Content\M98\Art\Character\Monster\Dragon\Mesh\Mat_EyeCover.uasset"
"Mat_EyeLenz.uasset",".uasset",".\Mesh","E:\zhanggz_combat\Proj_Metahuman\Content\M98\Art\Character\Monster\Dragon\Mesh\Mat_EyeLenz.uasset"
"Mat_PartsBreak.uasset",".uasset",".\Mesh","E:\zhanggz_combat\Proj_Metahuman\Content\M98\Art\Character\Monster\Dragon\Mesh\Mat_PartsBreak.uasset"
"Mat_Wet.uasset",".uasset",".\Mesh","E:\zhanggz_combat\Proj_Metahuman\Content\M98\Art\Character\Monster\Dragon\Mesh\Mat_Wet.uasset"
"Mat_Wing_Alpha_1002.uasset",".uasset",".\Mesh","E:\zhanggz_combat\Proj_Metahuman\Content\M98\Art\Character\Monster\Dragon\Mesh\Mat_Wing_Alpha_1002.uasset"
"Mat_Wing_Alpha_1003.uasset",".uasset",".\Mesh","E:\zhanggz_combat\Proj_Metahuman\Content\M98\Art\Character\Monster\Dragon\Mesh\Mat_Wing_Alpha_1003.uasset"
